009000000517094280206075439690000302003040090058002104000201000030460527000000900,349826751517394286286175439694518372123647895758932164975281643831469527462753918
001900006700040900809001740007024360000730002235000000583402097000090800094807030,341978526756243981829651743917524368468739152235186479583412697672395814194867235
801030405300000290097004008702850000000009730960073500200640901408700020000000874,821937465346581297597264318732856149185429736964173582273648951418795623659312874
362087009009600000007095000081052700000409100004800905498710652000040007010006400,362187549859634271147295836981352764275469183634871925498713652526948317713526498
056080039900000400843006000000462001527003046061500000000209710009010620010047900,156784239972351468843926157398462571527193846461578392684239715739815624215647983
510009000080000201049200000000046109430920006600073408023084010067135040000000083,512369874386457291749218365275846139438921756691573428923684517867135942154792683
000009002020150309009200010705830001080471000103005080090010038208090174010040200,571369842824157369639284715745836921982471653163925487496712538258693174317548296
304090000180076094070000521691000400800714956000060000568430010040000780700020000,324195867185276394976348521691583472832714956457962138568437219249651783713829645
000002980800000067001758023160025300008610000040803010509400732030000056000530100,475362981823149567691758423167925348358614279942873615519486732734291856286537194
000980076870205000060701289500019302602403000003007458008500000100000720300100090,231984576879265143465731289547819362682453917913627458798542631156398724324176895
290305067740086200006002050000600000039450006087000040874003095001890002900500800,298315467745986231316742958452679183139458726687231549874123695561894372923567814
003000004005000108206008090000000506000574019000603870530042067890367450700050200,183795624975426138246138795317289546628574319459613872531842967892367451764951283
200040009000000300937000486452806000000417500000902000104008975000004001395071640,281643759546789312937125486452836197869417523713952864124368975678594231395271648
090130040030000050714905000100098600068020019500003004083050100070009460900401208,895132746632847951714965382147598623368724519529613874483256197271389465956471238
080000000640002005000516870760030109000009007920040508100000000804021906356904012,587493621641872395239516874765238149418659237923147568192765483874321956356984712
009240016620789350800060970000000200203010000900030105050491020060000590100056400,739245816621789354845163972516978243283514769974632185357491628468327591192856437
000007003078063200006009010090618020401000870860075391310700400080304000500000037,145287963978163245236549718793618524451932876862475391319756482687324159524891637
000001000300060201015490000190080060602005000850602034500870300081039027903026000,768251493349768251215493786194387562632945178857612934526874319481539627973126845
060080791081009032000300860000403000090006200706802000074030000800047026030218074,362584791581769432947321865128473659493156287756892143274635918815947326639218574
002139807090000000805004200050423670000501040200006000001342700024690080030015006,462139857793258164815764239159423678376581942248976513681342795524697381937815426
000036028010409300360102090030618000009357801006020070600040009703090000000760204,974536128218479356365182497537618942429357861186924573652843719743291685891765234
002367000000850900000040000500608000046029005080530600000406130090715240604093580,952367418437851962168942753521678394346129875789534621275486139893715246614293587
003080407006300008028075006801927600730050010962000085000000500045069000007504300,593681427476392158128475936851927643734856219962143785219738564345269871687514392
504270000630005208000803040057400000823700604010008700200030400060080325000620019,584276931639145278172893546957462183823719654416358792298531467761984325345627819
700356000080012007030009046900705630067098420020030079010983700003200081000000000,794356812685412397132879546941725638367198425528634179216983754453267981879541263
900465382600003000243000690809710453000000000050000710560030070100008000004250861,917465382685923147243871695829716453731584926456392718568139274172648539394257861
200030078308540009947020005000080094830000002420000780000210040070458903100090050,215639478368547129947821635756182394831974562429365781593216847672458913184793256
036190487801004200247030090600019000720360810000000350065000000082003604000400001,536192487891574263247638195653819742724365819918247356465721938182953674379486521
000070090018026000056100024005060017000753400207080000003040260004002050621095708,432578196918426573756139824385264917169753482247981635593847261874612359621395748
027893000060001000490000030670209000900000682350068009705900016100070090239016000,527893461863451927491627538678249153914735682352168749745982316186374295239516874
050002100400710095010058000005000000090000608638207504070069000904801050103470906,857942163426713895319658742745186239291534678638297514572369481964821357183475926
039080061000316007004700030490020100807005000652800094300508409000040056000063002,739284561285316947164759238493627185817495623652831794326578419978142356541963872
005006470800940500100070090000600903500104000006895004082050716000200005650710280,295386471867941532143572698418627953529134867736895124382459716971268345654713289
040670000063098002800024060402016070070052400305000010010037504004901003000405600,241673958763598142859124367492316875176852439385749216618237594524961783937485621
030006241100234000000071005304000150590002407001509600007160030040708000000420068,738956241159234876462871395324687159596312487871549623287165934643798512915423768
060009080000036490080700500700692014900518070008403005000327100840960230002000000,463259781157836492289741563735692814924518376618473925596327148841965237372184659
003006800000538070007010302900100208000090430100062005314600020070453180059070000,593726814421538976687914352935147268762895431148362795314689527276453189859271643
040750600300002700000390200080075030036809000095100000060234097003910500429007006,942751683318462759657398241184675932236849175795123468561234897873916524429587316
057001020109005600600708100090184560401000730205000000302050896000010073070300005,857961324139245687624738159793184562461592738285673941312457896546819273978326415
004003065067500090050096027025000083601900002000030014070010008842607000503800700,294173865367582491158496327425761983631948572789235614976314258842657139513829746
090050863518000000070200000486500109320408650000300084002600300001020075830100020,294751863518936742673284591486572139329418657157369284742695318961823475835147926
000381070030957280050000093045160830201030006080009000590010000000800720002076350,429381675136957284758624193945162837271538946683749512597213468364895721812476359
024098307000600005508000490070100200015000680000000050640901038050860020281430900,124598367739642815568713492876159243315274689492386751647921538953867124281435976
832641000000008000100930002000006098080029000079183000008704053000000940564392010,832641579796258134145937682251476398483529761679183425918764253327815946564392817
040000085030908426008004000300897002072401003904500017050080069080000570001000208,149276385537918426628354791315897642872461953964523817453782169286139574791645238
207050030400000000095607280602140300800020160000708490930405000720080500000970840,267854931483291675195637284672149358849523167351768492938415726724386519516972843
700651032302098510000300000001500800465023100820000050600030048504007900280000005,798651432342798516156342789971564823465823197823179654617935248534287961289416375
003010800040002735058006002400803090001009027000001040900028403514007000032060109,293715864146982735758436912425873691381649527679251348967128453514397286832564179
020309501105800000376050009000700004030405200508001030007503480050080070080210605,824379561195846327376152849261738954739465218548921736617593482952684173483217695
357400108006210907000000306000000090900000705034000680005900814100058073870140060,357496128486213957291785346568371492912864735734529681625937814149658273873142569
100603574008000006060070200603005400810700050000038700080007690946852300207010000,129683574758429136364571289673195428812764953495238761581347692946852317237916845
032010490000230087001900250200043800180000502506028739600301000009060000025070000,832715496954236187761984253297543861183697542546128739678351924419862375325479618
026000039983040701510000000000027145000081000760003900642009800070200093300004610,426718539983542761517396284839627145254981376761453928642139857178265493395874612
600107040047060308000003076061570080704380009500000000002638001903021060010900020,638197245147265398295843176361579482724386519589412637472638951953721864816954723
080000700006080345007000800814070603060008090020015487003001900600009170900804032,482593716196287345537146829814972653765438291329615487243751968658329174971864532
000508070020340810003207060001073026002004030079062000005439100004700090098020007,946518273527346819813297564451873926682954731379162458765439182234781695198625347
800940000070012904020060000050000003083429067467038090040093025500000619700200000,815947236376812954924365871259671483183429567467538192648193725532784619791256348
800200700760030082005700061500080126600000934020003000300024007050807240400050098,843216759761935482295748361537489126618572934924163875389624517156897243472351698
027000058500700064800014079060005002240000086905208003000001800004097600002053097,427936158591782364836514279768345912243179586915268743679421835354897621182653497
000400302002397860003502710900000003600803150038000470309050000007130020501040007,756481392142397865893562714915674283674823159238915476329758641467139528581246937
078903062604700953059024080000080370800065000040207008003540000006800500002090007,178953462624718953359624781261489375837165294945237618793541826416872539582396147
001800302000040060030961847700004006590708400300059278108000003000006000000413580,461875392879342165235961847782134956596728431314659278148597623953286714627413589
100008600206300187387001045005060491000000076072094800000240009701806020020000000,159478632246359187387621945835762491914583276672194853568247319791836524423915768
230514670746000010010600000059103020600900000320000791000021800502098000007405030,238514679746289513915637284859173426671942358324856791493721865562398147187465932
007400050000070403040093807000284500410700300208300004020906048680007030300108005,837412956169875423542693817973284561416759382258361794725936148681547239394128675
300006000601000029850000604190073085476890031000140900080001002060500093013000060,329416857641758329857239614192673485476895231538142976985361742264587193713924568
043760000080009100700040000205000003809302740304085010137006928508000060090800300,943761582682539174751248639215674893869312745374985216137456928528193467496827351
130005080024000139600134007800060725300000400700580003070620000013750040060300002,137295684524876139689134257891463725352917468746582913475628391213759846968341572
003568400000100500860700001500006040001000300906273815300084007008307100074050080,193568472427139568865742931532816749781495326946273815319684257658327194274951683
100703005635028097007405600000010006301240008840050001408030700000070000026980030,194763825635128497287495613572819346361247958849356271418532769953674182726981534
000740001604801007371060208800103975207008000009004080702000806500010000463007000,985742361624831597371965248846123975257698413139574682712459836598316724463287159
000060241100002800928400706590300080000094503007080069714000058050040600060500900,375968241146732895928451736591376482682194573437285169714629358259843617863517924
980010000000000050000005081009007210072050039030000407090500076853600104746200598,985713642617824953324965781469387215172456839538192467291548376853679124746231598
206400780501726903000103050000002400020040069100000002800000005000510394450030128,236459781581726943947183256395862417728341569164975832813294675672518394459637128
340050971085001406000000058009005810020300004100000039000003207012004603470680090,346258971785931426291467358639745812827319564154826739568193247912574683473682195
849500000076900300032081000400800090000304058060090700020030571600017030013450060,849563217176942385532781946457826193291374658368195724924638571685217439713459862
000038070000450003058007142090500700010743009200810004100000060086200010437081200,942138576761452983358967142894526731615743829273819654129375468586294317437681295
364001720200090301005700004023016005000050640050007000712000090036100400508903010,364581729287694351195732864423816975871359642659247138712468593936125487548973216
078039010001750603035806000800100026060300000004062308080400900150000800000685701,678239415921754683435816279893147526562398147714562398386471952157923864249685731
007000200068001570003200169020400700900875403000102980302700600609000300450006007,197654238268931574543287169825493716916875423734162985382749651679518342451326897
800513204100000508603080019035700006007060895000001372040009000000830400702040080,879513264124697538653482719935728146217364895486951372348279651591836427762145983
705030286100900000603702000200300048004000020308047001020013069400026507510000800,795134286142968375683752194271395648954681723368247951827513469439826517516479832
087030005060008000045002600791400800026780504400001020800000369000003040630894700,287136495963548172145972683791425836326789514458361927814257369579613248632894751
390080001054071000810000050400803076008726004600090800000000067162030480003405020,396582741254371698817649253421853976938726514675194832549218367162937485783465129
530100600000600000092483000003816504908070130000000072769005081020000350005098060,537129648481657923692483715273816594948572136156934872769345281824761359315298467
020580030805000207900600485362490708000700000004060002010005000200000514650049803,726584931845913267931627485362491758189752346574368192418235679293876514657149823
008400002043000109567102030034509800600300001089060340050820017390700000000005200,918437652243658179567192438134579826625384791789261345456823917392716584871945263
096705800420008060000601090600079042004500008030200000060030014500410600841050037,196745823425398761387621495658179342214563978739284156962837514573412689841956237
000000001007090805000500029040000000718039000695041038480006012501382064209050000,956428371127693845834517629342865197718239456695741238483976512571382964269154783
000547001500060790760010045050020000820000000037005802379050008480100076010002430,293547681541268793768913245954826317826371954137495862379654128482139576615782439
010005237000431806508020009000000091000308042020096703296840000000002960041500000,614985237972431856538627419387254691169378542425196783296843175853712964741569328
500407000276080150009000002400790801008210007607540000900602015003000009750930080,531427698276389154849165732425793861398216547617548923984672315163854279752931486
003001002007325008000487600084000060710053824020800307001000546070004203000030009,843961752167325498592487631384172965719653824625849317231798546976514283458236179
000000000736010002000506309190407803800300061073085294000008000351020086080030400,519243678736819542428576319192467853845392761673185294264958137351724986987631425
100624090007000000260705008600083052300001960009240300432000805000000620090050413,183624597957318246264795138641983752328571964579246381432169875815437629796852413
104020007072900106093000005200040000017090064500032800460000008008403590001075602,154326987872954136693187425289641753317598264546732819465219378728463591931875642
603007921090502004200069570020040800160300000000920100900000060516073402000600305,653487921791532684248169573329741856167358249485926137934215768516873492872694315
019070064070010235600008190964000058000504970007009640000000400840700010102305000,519273864478916235623458197964127358381564972257839641735681429846792513192345786
375600901000009070010800542006080004800200005001400060027160458000928000100750600,375642981482519376619837542756381294843296715291475863927163458564928137138754629
051000000097500480020870090008902700000187000170600520014720860205001007006000201,851249376697513482423876195368952714542187639179634528914725863285361947736498251
014000068000120905269004073706201089000090002020400050100900006002800700480032500,514379268378126945269584173736251489845793612921468357153947826692815734487632591
070406029906500438053000000007050000004810003530040070000904380300005206805020940,178436529926571438453298761687352194294817653531649872712964385349785216865123947
200509004050070003400030002030700906020948300090001025042085701305407008080020000,263519874851274693479836152134752986526948317798361425942685731315497268687123549
000009000056300201108002030235800600004060093090435000002506080500980100009703056,327149865956378241148652937235897614784261593691435728472516389563984172819723456
000530108000200043800007000670029405930050270405018036200000000004090010150063820,742536198596281743813947652671329485938654271425718936289175364364892517157463829
000000002800020300000009070248703059005490608001200743009300060027004831103600400,574136982896527314312849576248763159735491628961285743459318267627954831183672495
060125490050300000003008100375000001000004935409500000098260000031450089042080300,867125493154379862923648157375892641286714935419536728798263514631457289542981376
000706100560008090800504360302650408004080000008207050400000021080460030705010940,249736185563128794817594362372659418654381279198247653436975821981462537725813946
080030904730280000000000000010020300976350028200804090000743659690000003040690780,582136974734289516169475832418927365976351428253864197821743659697518243345692781
080000093070004500009006080058127904002030850706008100900482000000913008030700210,685271493173894526249356781358127964412639857796548132961482375527913648834765219
602017300351260400080034010030609000000040120020175009500000900800302001009401080,642917358351268497987534216135629874796843125428175639513786942874392561269451783
000001060000200000029058030281000495590000008000009601860400007052976043047800016,438791562615243789729658134281367495596124378374589621863412957152976843947835216
000836097000100240019542380560004071000670020001250068004000000100020000603400059,245836197836197245719542386562384971498671523371259468954763812187925634623418759
000030040370000051004015002008500709007006200200004560480652090000709435050040028,915237846372468951864915372648523719537196284291874563483652197126789435759341628
028003409075849030003620005000005004004006700000090302082010040040302980060980007,628753419175849236493621875839275164254136798716498352982517643547362981361984527
003064050549000300270508009800003200004000060600050401902405003005700008768009510,183964752549271386276538149851643297324197865697852431912485673435716928768329514
190408020200300040406090051800500100009820000004000685040902038052003017080740000,195468723278351946436297851863574192519826374724139685647912538952683417381745269
805006270040307000670508000000001020018905003567043908700000080401070602080002050,835496271149327865672518394394781526218965743567243918723654189451879632986132457
000053002030700041002000053359200180000695200020318000007406000980000560204030018,491853672835762941672941853359274186148695237726318495517486329983127564264539718
009061502000094800000000960080007050060850029002016008748500100036008075010600380,879361542653294817421785963384927651167853429592416738748532196936148275215679384
396840700050097000147002830200000960005900000970200405520080000000123000010605203,396841752852397614147562839234758961685914327971236485523489176769123548418675293
400300020571600000832095006195036000600078300780001060000010604907060000006820070,469387125571642893832195746195236487624978351783451962258719634947563218316824579
006901042000702038020430010704005000000103050605000200072008000403060091561340800,356981742149752638827436915734625189298173456615894273972518364483267591561349827
702090004094075100080600003006083090000107560000900431310060020000030810060710340,732891654694375182581642973156483297943127568827956431318564729475239816269718345
000093000000006030670208500930071000006024003804900006591000028340082069060000457,125793684489156732673248591932671845756824913814935276591467328347582169268319457
302750009000400800000090035038209700429000000050304920106030400093107000570986000,312758649965423871847691235638219754429875163751364928186532497293147586574986312
701860040803904670060073000000100527000409000100020498600007900017005200504200003,751862349823914675469573812946138527278459136135726498682347951317695284594281763
000100000805006190100405860050010000740803050003050000630080409098047002407060385,364198527875236194129475863956714238741823956283659741632581479598347612417962385
680057230300004006040200000172560490400000620069040070008620709704009000006400010,681957234327814956945236187172563498453798621869142375538621749714389562296475813
000041000500062174040580020309600080470090301005003049750038096930020000201000000,623741958598362174147589623319674582472895361865213749754138296936427815281956437
810726093000100008209050000001005069320004001006381250000000170052010800048067000,814726593567139428239458617481275369325694781976381254693842175752913846148567932
002050078806370051095610020460100297100060003200043000038000705600090800000007009,312954678846372951795618324463185297187269543259743186938426715674591832521837469
005230400034006020006905000400170360020000004307490251000000700502600040700329610,975231486134786529286945137459172368821563974367498251613854792592617843748329615
050006040000008006010040507009005201205001403400630850390010004146000005507960030,753126948924758316618349527839475261265891473471632859392517684146283795587964132
060708120010690000900010607000520030040960001302001050004079000209030700750246090,463758129817692345925314687196527438548963271372481956634879512289135764751246893
000003001040690000802014009501089000090507800000401007000870062035940178680000094,769253481143698725852714639571389246496527813328461957914875362235946178687132594
080501640056004003290367180000700300027003000308000900002070800810046700000038401,783521649156894273294367185561789324927413568348652917432175896815946732679238451
253170600009603070671008500700060943006000000500700106400006020908007000360040810,253174698849653271671928534782561943136489752594732186415896327928317465367245819
200000008804109276076004091900001700130900054460357000000605920000090800020003060,291576348854139276376284591985461732137928654462357189718645923643792815529813467
070040006000710800100690050210486570640025100008001002901260080300009061700000020,879543216465712893132698457213486579647925138598371642951267384324859761786134925
905418060030067900000032047009000405501000370000075000450001020060750030190040650,975418263234567981618932547789326415521894376346175892453681729862759134197243658
000742056000050080000819000850600400030004000142080300010268705004900632200005801,398742156721356984465819273859623417637194528142587369913268745584971632276435891
094000078050420900132009000500700060000064100300001850910000380003952710007308004,694135278758426931132879645521783469879564123346291857915647382483952716267318594
010600500590871063630250791340080070000000300076000918001002040003500000400918000,714693582592871463638254791345189276189726354276435918951362847863547129427918635
009027300000008420003090006800704003500083000307510894900000001000035907034270605,459627318716358429283491576892764153541983762367512894975846231628135947134279685
000090810060050004504037000047008500280003040000420000021509038078342000450106020,732694815869251374514837296347918562285763149196425783621579438978342651453186927
600000080408000009035002060001530000376908021050070693007609000283410000000703012,692154387418367259735892164921536748376948521854271693147629835283415976569783412
004500378001090020008760000903871260060030040510006037130600000006300090709080050,694512378371498526258763419943871265867235941512946837135629784486357192729184653
092004006000320008000060002680000040901078063005000987800090670006807039100630820,792584316564321798318769452687953241921478563435216987843192675256847139179635824
000904001500213800004050700750009080801526070000300005040091030670030192039000007,382974561567213849914658723753149286891526374426387915245791638678435192139862457
000008941004000630129640057008000405000870029502060003060000004300056018090080370,653728941784591632129643857978312465436875129512469783861237594347956218295184376
150006200080000000706082001030010720407065003600230400890000000000891362201000984,159746238382159647746382591935418726427965813618237459893624175574891362261573984
090308002300519687000000035400927500002000090907103004009700200053802100006090070,695378412324519687178246935481927563532684791967153824849731256753862149216495378
302900007508201000006578021001000080005410200009865403000000908003680002090304060,312946857578231694946578321431792586685413279729865413264157938153689742897324165
380000400721300905054178600102000890000290003093000000630402010000007004500609308,386925471721364985954178632162543897875296143493781256638452719219837564547619328
769500400302004090005090000008765040030000057400030089004006031800200064010308502,769523418382614795145897326298765143631489257457132689524976831873251964916348572
048007000070500409060840002000000605105690700080400900800063194029074050304000260,948327516273516489561849372492781635135692748786435921857263194629174853314958267
102069007870001900005704012316908070709030580000007000000010059007000400201005630,132569847874321965965784312316958274749132586528647193483216759657893421291475638
040800005070600102520034000160540970300008210000017000415200007080090456006070020,649821735873659142521734689168542973357968214294317568415286397782193456936475821
905010380000009061010400700209001830700300016000905020520000179000527600030100058,975216384482739561316458792249671835758342916163985427524863179891527643637194258
000350706650407001700006004040030618900071000106048003068200100000004082270010400,814359726652487391739126854547932618983671245126548973468295137391764582275813469
300042700000009040000600809000791000902006517100500900010070250509060071764210300,398142765657839142241657839485791623932486517176523984813974256529368471764215398
006120050938000001000003690059008130300291000800357000000070500680014070792035000,476129358938546721521783694259468137367291845814357962143672589685914273792835416
013050020040200008620380001400091387009003600000008009500002800790005160030100745,813957426947216538625384971452691387189723654376548219561472893794835162238169745
004081690000000108000609304503490060002836047460715900005070400100500000006000703,734281695659347128281659374573492861912836547468715932325978416147563289896124753
790503008506701920000062030460097200000030000300020109000209001804300090009074306,792543618536781924148962537465197283921638475387425169673259841854316792219874356
000056170010000580500710000035904200109508064704162005201640090806005020000000000,342856179917423586568719342635974218129538764784162935251647893876395421493281657
720010000006070310100080700200100907000020108071498032403009801000030004582041000,729315486846972315135684729258163947394527168671498532463259871917836254582741693
030610008002059400100008067090107043041000000678043105000960080500024010004800020,437612958862759431159438267295187643341596872678243195723961584586324719914875326
010004900056100043040008051804950730003046000065080010092307085000000020030820600,218534967756192843349678251824951736173246598965783412492367185687415329531829674
000102978097306000100709560050601000080000000010408730000213457001800302500000806,635142978897356124142789563754631289389527641216498735968213457471865392523974816
098070003007053480000820791000097510080000004509040030850700000900604075104030002,698471253217953486345826791463297518781365924529148637856712349932684175174539862
104300000623008900900000301400050006700182030200006809501000080006800094840601570,154379268623518947987264351418953726769182435235746819591437682376825194842691573
900050000605008091100090265790000100001070084000409503402360009309807010000920030,927156348645238791183794265794583126531672984268419573472361859359847612816925437
003004890070020004209051070301087060700900000005003000904016030637000150152708000,513674892876329514249851673391287465768945321425163789984516237637492158152738946
810030740023079650690001000900027000030900087704010062000004020509000104100706090,815632749423879651697541238986427315231965487754318962378194526569283174142756893
163000920000012650500080730005004007070859003940173082050400000000705200490030000,163547928789312654524986731835264197271859463946173582657428319318795246492631875
000000400040001070800006930901623700360710009702050300420007100617090200009080607,193875462246931875875246931951623784364718529782459316428567193617394258539182647
001000670006000040040890031000000025603028400020410300364200810050900064000684250,981345672536172948247896531498763125613528497725419386364257819852931764179684253
300041826000030410501286703209000000006720100708360004065000902004005001170000000,397541826682937415541286793239154687456728139718369254865413972924875361173692548
000002010900607030000054060007520980380740052095800000872430000060090007010006348,634982715958617234721354869147523986386749152295861473872435691463198527519276348
700059200200030000000402500910040305050003080000100964048200059071098040609500013,784659231265731498193482576916847325452963187837125964348216759571398642629574813
060700100038450027071008005790103058000004093000590000009000500645200031800015900,564732189938451627271968345796123458152684793483597216319846572645279831827315964
800300069000067003090814000500029080021078035678030000130080502082045000000290000,817352469254967813396814257543629781921478635678531924139786542782145396465293178
002000146000000005400600370035740010640800500271906000704000051080105064006009780,392587146167234895458691372835742619649813527271956438724368951983175264516429783
958000000460032000201050096506090102803001670100206000094000761015070000700010005,958164237467932518231758496546397182823541679179286354394825761615479823782613945
490230078800600031213800604000100002000452807002706000004318005000500400751000000,496231578875649231213875694647183952139452867582796143964318725328567419751924386
010830600604090000000560200003080920080009004000240803036008402821056370047020000,712834695654792138398561247473685921285319764169247853536978412821456379947123586
000321060020000009300069000070450000084012503650000800061005900709004605048090327,495321768826547139317869452173458296984612573652973841261735984739284615548196327
001007506050920870048030000000194700070002003000670190003709201007310060900008307,291487536356921874748536912635194728179852643482673195563749281827315469914268357
040007069006000400009000000203904051000800602108360074002790140017030000905006287,841527369376189425529643718263974851794851632158362974682795143417238596935416287
054218360300470051600593080010650870800000000060381000070860010006700000280000007,754218369398476251621593784912654873835927146467381925573869412146732598289145637
002000854603080070804092000310048705007065000508700040030000000780021503000870109,192637854653184972874592631316248795947365218528719346231956487789421563465873129
900010320002900050050732104800100400017000500540007081401003205003040000095870003,974518326132964758658732194829156437317489562546327981481693275763245819295871643
780092000000005400020701030910006007000040021034210908000178500807000004301920780,783492165169835472425761839912586347578349621634217958246178593897653214351924786
010008039075010824000400000106000000009020185008100006092030471300200008081709062,214578639975316824863492517156987243739624185428153796692835471347261958581749362
900008400000307809005094003000100000042089701301742608210005000800000317003071500,936218475124357869785694123578163294642589731391742658217835946859426317463971582
004008030013060800060920051270300900000000126050680000302006710600037590005104200,524718639913465872867923451276341985438579126159682347392856714641237598785194263
849031060006000210320050400000000690002308070567902800075416308003500000200003000,849231765756894213321657489438175692192368574567942831975416328683529147214783956
050400000073002064004080523061290380200030010005078290900000700000067902000820031,652413879873952164194786523761294385289635417435178296926341758318567942547829631
605000070789050012314087506007000000000000749956071000273000900568109000000008050,625913874789654312314287596847392165132865749956471238273546981568139427491728653
140070300600204000007000608481002000090047200732506004079065080064000005000023460,148679352653284917927351648481932576596847231732516894279465183364198725815723469
180009000200703900039001700800000000003020508405896203300970100648002009700630800,187549632264783951539261784826315497913427568475896213352978146648152379791634825
008071259007090001100050730620004105001000002000100064476200590503040028900000400,368471259257693841194852736629384175741965382835127964476218593513749628982536417
800001000060079000002030160980400217507090003401807005670005480000960001015004030,853641729164279358792538164986453217527196843431827695679315482348962571215784936
000004002203058091007300086009002148002007000065483900650209870900000503034000000,816974352243658791597321486379562148482197635165483927651239874928746513734815269
000000956902405008070000004003900105000000043014200697605320400320046500080007302,148732956932465718576819234763984125259671843814253697695328471327146589481597362
041030020000060000000200160217056043850000097069700015520300070730601000108500030,641835729972164358385279164217956843853412697469783215526348971734691582198527436
560008047080504630700360000800740009040600208600803450900450010000007900000906580,563298147189574632724361895812745369345619278697823451938452716456187923271936584
008006572532170960000000130004067050960050700000200346601090000007000000250403017,418936572532178964796542138124367859963854721875219346641795283387621495259483617
900140002003529600700800901000675009670000500010082036000200470805000290240000068,956147382183529647724836951432675819678391524519482736391268475865714293247953168
400000360086450090300061047000704500103020070000018000630107900090002036512300080,421879365786453291359261847268734519143925678975618423634187952897542136512396784
056470030180000706000010509600300015073000002500609378030000900419700060000004187,956472831184593726327816549692387415873145692541629378738261954419758263265934187
024581709503064010910307004006109020005000000007253480300010000050700002060092000,624581739573964218918327564486179325235648971197253486342815697859736142761492853
160040200400008010708001040082000037070800064046900802014000300207130006003560700,169345278435278619728691543982456137571823964346917852614782395257139486893564721
607500004002004016300001000004000079160000203270813045050026000703405900006009702,617598324592374816348261597834652179165947283279813645951726438723485961486139752
890001650000530040043080019300426105100005060050810004430008071000000430610000002,897241653261539847543687219378426195124795368956813724432968571789152436615374982
000320158201600470000071063005049001602150000074000085000010004009800010506007032,967324158231685479458971263385749621692158347174263985823516794749832516516497832
003200168080340700702600050007400820420009031300020974805700210000000300100950000,543297168681345792792681453957413826426879531318526974865734219279168345134952687
040800901070006853000010624190062030000000046804730102600000000503070019020081007,246853971971246853358917624195462738732198546864735192617329485583674219429581367
093008040000925603062041090020090076041800950007050310070530120050206000000010000,593768241714925683862341795325194876641873952987652314476539128159286437238417569
009007100162000050084521306038002470040060900507480600070000219000009000020150800,359647182162398754784521396638912475241765938597483621475836219816279543923154867
087091420026540008003072500200000700830007000600108000040039602002005300390206007,587691423926543178413872596259364781831957264674128935148739652762485319395216847
700901380000746010001028000200090004864035971900000028570100800006003009009002060,742951386398746215651328497215897634864235971937614528573169842126483759489572163
010083059003000004002459000600095400489032016200104900040028100156040008000000005,714283659593671824862459371671895432489732516235164987947528163156347298328916745
070800009609000005208051000310090248406020000000300007704010090195270680000069570,571836429639742815248951736317695248486127953952384167764518392195273684823469571
009006040260900503080302069510089326006001080023050910090000004000007000107803002,739516248261948573485372169514789326976231485823654917698125734352467891147893652
720185004800000170164007008200400000300609005007800400002030000583001600601020543,729185364835264179164397258256473981348619725917852436492536817583741692671928543
007006000080315002501970040905008710000530090070200080700020000109603800302780054,297846531486315972531972648925468713814537296673291485758124369149653827362789154
750000600000800030003596827000600010480700000601040702070960051900250040825400900,758123694269874135143596827537682419482719563691345782374968251916257348825431976
019430670004908000063000950000076190050084200127059000000501000405000701630027000,219435678574968312863712954348276195956184237127359486792541863485693721631827549
002040579005000134340000000459000006086034000701009020020357040004200900013096007,162843579895672134347915862459728316286134795731569428928357641674281953513496287
530021070000650304004070060000310200047080603002749050650800000718562000400030000,536421978971658324284973165895316247147285693362749851653894712718562439429137586
500006003040813750000507000300700640060090038081002900004005092008009360003260580,517946823942813756836527419329758641765491238481632975674385192258179364193264587
600324000500007306720569080102630095050001068900052043060000000009100500200900030,618324957594817326723569481142638795357491268986752143465273819839146572271985634
070010204405089000006050830608002093040178000052060418507601040000095007000000005,879316254435289671126754839618542793943178526752963418587631942261495387394827165
000000890068709005509000000025806000603004758004170000080000503007582100200640987,372451896168729345549368271725836419613294758894175632486917523937582164251643987
702040805041082097009150400186000500057004038300000062070060200000091086000005700,732946815541382697869157423186239574257614938394578162978463251425791386613825749
600140050020005000005000806002050001500423960300601005200000007138070049050984012,697148253823765194415239876962857431571423968384691725249316587138572649756984312
410600050002590100507001092201000007004108200800000006905000371130759008040200009,419682753362597184587341692251936847694178235873425916925864371136759428748213569
700200190002005000430810570500308069890650400000100050020001000305480206010500940,756243198182975634439816572541328769893657421267194853924761385375489216618532947
040092500627005840900040200050000090273906080006000000802473956500000701730500000,341892567627315849985647213158734692273956184496128375812473956564289731739561428
039260080070008000080000069950601807700080040048509600004006100017030096890000450,139265784675498312482713569953641827761382945248579631324956178517834296896127453
500290708070000000600504090005017009000800400903420810350002000401953670090708500,534291768179386245628574193845617329712839456963425817357162984481953672296748531
009700050046003010008004060090405083001300900250108006070001000130680002962040830,319762458746853219528914367697425183481376925253198746875231694134689572962547831
020560000090000042000302800750009420980400061146080003030905000471020905009001080,827564319395178642614392857753619428982453761146287593238945176471826935569731284
100050004678100200900007300507010000204005100016400000450609730000340605800072940,132956874678134259945827316597213468284765193316498527451689732729341685863572941
500064008900120307081900400408000760090000580003087209126040900300092001040001000,532764198964128357781935426418259763297316584653487219126843975375692841849571632
070200053000306009036009000090400508510023090040895130001000007087902410409080000,974218653125346879836759241693471528518623794742895136261534987387962415459187362
000061200208000369704000010006028403490300000000400001000503102901600830085190074,539861247218754369764239518176928453492315786853476921647583192921647835385192674
030905208728041006560000000000020009200008410900003625000410850106802030850000004,431965278728341596569287341613524789275698413984173625397416852146852937852739164
405020036030040001021000058073009562090060010002301000000900243000500007019274005,485127936936845721721693458173489562598762314642351879857916243264538197319274685
086302000070500000003901082607038240002007830008290010060850300000010076031000058,186372594279584163453961782697138245512647839348295617764859321825413976931726458
007519000000020080942068000000600074478000069500000802050871200804050001701403008,387519426165324987942768315293685174478132569516947832659871243834256791721493658
002000005718020040490801030806007003173000906000106000500204001301070590080510700,632749815718325649495861237846957123173482956259136478567294381321678594984513762
600341095083290400000007000800005040001002003020003908100004030307610509250039080,672341895583296471914857362839175246461982753725463918198524637347618529256739184
001500000208409070030002465376204901800050600020601030105000200000905004740020006,461537829258469173937812465376284951819753642524691738195346287682975314743128596
610720008200060000084100067070036090500800072403900080000582700042097005000001803,615729438237468951984153267178236594596814372423975186361582749842397615759641823
010005397500071020000300050051098634040053012600000009070006045005040978000000260,416825397539471826287369451751298634948653712623714589872936145365142978194587263
000506823000702090982000007650108070708009300239075008805060000300001002020000406,471596823563782194982314567654138279718629345239475618845267931396841752127953486
100080730507000040024100000018504067000308910290000080080050006000046020650219470,169485732537962841824137659318594267746328915295671384482753196971846523653219478
746930010800000000091602800610090000050104000420067050000070620274300009005081037,746938512832715964591642873617593248358124796429867351183479625274356189965281437
605200709380507102072690005090000070013009056006000008000050000904020081267030004,645218739389547162172693845598162473713489256426375918831954627954726381267831594
060004800001005020080970046978050000200638500000091080007500038850307419090100000,369214875741865923582973146978452361214638597635791284127549638856327419493186752
060004309872009000400600070038710900704020080609048130001200653200095700000000090,165874329872139465493652871538716942714923586629548137941287653286395714357461298
062059173000007500000001486800290000271605000059170000010000300720030650903500007,462859173138467529597321486846293715271685934359174862615742398724938651983516247
700045620000300005060217400106004003307160250000803906000098140400002007800400500,738945621241386795965217438196524873387169254524873916653798142419652387872431569
180900050604352000000184620710009064009046100003000082020091000500078000901500070,182967453694352718375184629718239564259846137463715982827691345536478291941523876
069000053080053000354269781508004090040000830000508004800037500000640370030000002,269871453781453926354269781518324697942716835673598214826137549195642378437985162
000701000003050009867309510185260007000000602002400000000632008930578041058100000,529741863413856729867329514185263497374915682692487135741632958936578241258194376
847000003500720108109003600378050000052030001900208006035060010700000060400580230,847615923563729148129843675378156492652934781914278356235467819781392564496581237
280700000500800190000210750030020000009486305008007009050602930103008624002000507,281795463547863192396214758435129876729486315618537249854672931173958624962341587
500760081000504030020389507400000005070900013600037840006201704007090100005000306,593762481768514239124389567431826975872945613659137842386251794247693158915478326
807600100900703860006080700270900080000002500605400310004800037708004650000537008,847625193912743865356189724273951486481362579695478312524816937738294651169537248
902000600000024001431000009003780495070209800806050700007000908089007300345000120,952371684768924531431865279123786495574219863896453712617532948289147356345698127
200075080100004000004002050320000175010067290007520368000040900073290006090050042,239675481165834729784912653326489175518367294947521368852146937473298516691753842
900804005705091000000305018070046032032009000540213007000460000390058064000900001,913824675785691423624375918879546132132789546546213897251467389397158264468932751
503010402280905001410200000005480003000009080760000240600590108809100304130060000,593618472287945631416237895925486713341729586768351249674593128859172364132864957
100020060000349000007168900000470020840250006271800003700500230020600105000082074,194725368682349517537168942956473821843251796271896453768514239429637185315982674
800000560510680320790020184000148000048563700605090400060000000400700956900000040,823471569514689327796325184279148635148563792635297418362954871481732956957816243
710456203920073041003209850000000700000008902500060180000090418390780000000640000,718456293925873641463219857689124735147538962532967184276395418394781526851642379
809403167006001000000000800608000050420018609015000030084006720900004506507300014,859423167276891345341765892698237451423518679715649238184956723932174586567382914
005800030000061852108207940273086004400002009500040000810609400050000090390005100,625894731947361852138257946273986514461572389589143627812639475756418293394725168
024300951050040020000200604012078300780096042406032500070010000000700410000020065,824367951657941823139285674512478396783596142496132587975614238268753419341829765
902006380000304000834102000000013502007048030000050008020000897000035601100029453,912576384675384219834192765498613572257948136361257948523461897749835621186729453
430070008001028003070403000100060030203700000500230017000900780804007659796002040,432175968951628473678493125187569234243781596569234817315946782824317659796852341
003600400006305000910004206500030790001000000300058102058760904609020005004589070,783612459426395817915874236542136798891247563367958142158763924679421385234589671
051700942240510687000004013010002700004170005900005461805200000100300094000000100,351786942249513687786924513518462739634179825972835461895241376167358294423697158
643710020000560030780400060400095200020040500009000601000076000237054900004931700,643719825192568437785423169418695273326147598579382641951276384237854916864931752
020185039900702050005000100501403082008079001000850900082040300059000006060508004,627185439914732658835694127591463782348279561276851943182946375459327816763518294
301008090005100004200063700900200005043506089800007006167045023400030000530000460,371458692695172834284963751916284375743516289852397146167845923428639517539721468
608590000940216000050000020400075080000008079002460530009700160700051203065930000,628593714947216358351847926493175682516328479872469531239784165784651293165932847
000075020370120900006000517000062100020800304691030080700600050104250000052003076,918475623375126948246389517483762195527891364691534782739648251164257839852913476
080407290009021040000503000002089105010035400003014068000070650800050010000906382,385467291769821543421593876642789135918635427573214968234178659896352714157946382
900107530052069874080000600430510000801030000600400309000001000516793408700600000,964187532152369874387245691439512786871936245625478319243851967516793428798624153
600130728500600043200000000007312000002509067009000802700846000000000470046791280,694135728571628943283974651867312594432589167159467832725846319918253476346791285
689207005007000300004081020002506010546100800000800600013008296000914030900302000,689237145127495368354681729832576914546129873791843652413758296268914537975362481
719340080065208970008050406000005000000690740106030009900060000000023094500079068,719346285465218973328957416294785631853691742176432859931864527687523194542179368
007056008090300100400010650030020800751008032200534716000803260073000000900000380,317456928596382174428917653634721895751698432289534716145873269873269541962145387
069010380040600209320000005900000006234970100070000020680029041012500000490030072,569412387847653219321897465958241736234976158176385924683729541712564893495138672
000501200005003000010480059060040830203005407070830006930650020806300940000024003,398571264645293178712486359561749832283165497479832516934658721826317945157924683
120040300704030251693010800000000600006803010002051038200180003507062004300000020,125748369784936251693215847831427695456893712972651438269184573517362984348579126
807060000000210000130000602000120079280075400000380056002600043008401907009750160,827569314694213785135847692453126879286975431971384256712698543568431927349752168
105206700000510002020800591900001024072300918003908000349000050000070800781005000,195246783837519462624837591968751324572364918413928675349682157256173849781495236
030008504004610003000030160800745201357026080002980006006070015090000028000850000,631298574524617893978534162869745231357126489142983756486372915795461328213859647
306102087091045200050600109039084700520000891600000420012400650080000002005000000,346192587891745236257638149139284765524367891678951423912473658483516972765829314
600520803500900160200600050004309008106850004020070005000080020012400509375200080,691527843587943162243618957754369218136852794928174635469785321812436579375291486
957120080004058960100430070000500800003207109509603007070000002205000010000072503,957126384324758961186439275742591836863247159519683427478315692235964718691872543
602094000000200967100000000809320004003109086016500039080700093037010600560900010,672894351348251967195673842859326174723149586416587239281765493937418625564932718
130050800800030527207400361973504010000709000010603908000302004080071030000000002,136257849849136527257498361973584216628719453514623978795362184482971635361845792
000709608000082034803064720627010540000025070000000000930850400784090005000001097,412739658576182934893564721627918543348625179159473286931857462784296315265341897
007015040800900000042000105500046012000002000704300600409207386308469520000130000,937615248851924763642873195593746812186592437724381659419257386378469521265138974
000000500008070642046209137204061703050000000301007080000718420480002000172500000,723146598918375642546289137294861753857423916361957284639718425485692371172534869
400098007002005098809000200020900801900020635000431020500040002090702064064009100,456298317172365498839174256723956841941827635685431729517643982398712564264589173
865910730010000080907000010270406950049100003308709600000072890090000320080300000,865914732413267589927583416271436958649158273358729641134672895596841327782395164
017000060200001007800074029782003600530000008906000013073940000000600030020537491,317259864294861357865374129782193645531426978946785213173942586459618732628537491
005063001080000030632000750000020905170000260200780003060030510910045326023100000,795263481481597632632418759348621975179354268256789143864932517917845326523176894
005009080768030500000807030002300890800006001604078050150002308906003000200105907,325619784768234519491857632572341896839526471614978253157492368946783125283165947
000920307301004080207006054620095040100037800000008600003002008800079532050000406,584921367361754289297386154628195743149637825735248691473562918816479532952813476
938564702005007000700008060009102000012936800003085900300001240100000050206800100,938564712465217389721398465849172536512936874673485921397651248184729653256843197
010040900900003500560801407406085000005030600030004010300400706829007000604300128,713546982948273561562891437496185273185732649237964815351428796829617354674359128
900502041300098270002003090048901063007035400000800905000300100005000630009206804,986572341351498276472163598548921763197635482623847915864359127215784639739216854
002050070003280000094000620045300890369815000087900053000060287000100530000520001,812654379673289415594731628145372896369815742287946153951463287726198534438527961
700010006000700802000025017370500000000480759090072360040608020600050008980201605,728914536159736842436825917374569281261483759895172364547698123612357498983241675
900607500306801942005000300032009000140305006060072109600040200000090010007010693,924637581376851942815924367732169854149385726568472139691543278283796415457218693
905020074000050890004790012400000100080000000009081257102370900098042000340019020,915628374273154896864793512427965183581237469639481257152376948798542631346819725
107000049024306000685009700000080406090203578876000000000102054010008020048900060,137825649924376185685419732352781496491263578876594213769132854513648927248957361
070410098000200006085073000009560742850007631020040000008000467003700800160000053,672415398431289576985673124319568742854927631726341985598132467243756819167894253
100670000900000035083091070540217360007400510200365000090106050300004009750008000,125673984976842135483591276549217368637489512218365497894126753361754829752938641
320010005450028016000900008694083070000400050015209603041832000000050300063000004,328716495459328716176945238694583172732461859815279643541832967987654321263197584
070001238200705010000080576030509080000008625000106300026000800580000063100067402,475691238268735914319284576632549187941378625857126349726453891584912763193867452
000043260000500407400000158507802300040005092010409600005604003901250006080007020,158743269269581437473926158597862314346175892812439675725614983931258746684397521
040937000605102800010005200006400085890560002704298003080009407000004000039016000,248937156675142839913685274326471985891563742754298613182359467567824391439716528
000100300000050006000720814730580400002900001010632908903015040067000100158400090,276148359841359726395726814739581462682974531514632978923815647467293185158467293
401050027602901005059400000304290100165000890208000070000500260500004700020069040,431856927682971435759432618374298156165743892298615374943587261516324789827169543
267001005490060800005200306901074003070038062008900000800020050350007040742000100,267381495493765821185249376921674583574138962638952714819423657356817249742596138
000804200080900706000603804037020008410005062009006070076040050105090600093001027,961874235384952716752613894637129548418735962529486371276348159145297683893561427
014658000270030158508002040050000000300127000082040000005000800803260570067004092,914658237276439158538712946751896423349127685682345719425973861893261574167584392
025890000000650019000001005706100000810930706493005000280000001930040070507019304,125893467348657219679421835756182943812934756493765128284376591931548672567219384
008000130630000000901070005043098706216300809780056000060019000302000090090632004,478965132635421978921873465543298716216347859789156243864519327352784691197632584
000890040700005180189472000003000400008164003000080020050700800407008305890040762,536891247724635189189472536613259478278164953945387621352716894467928315891543762
070004539408030060006107000105620003300005000800010402010300905000046018000790346,271864539458239167936157824145628793329475681867913452614382975793546218582791346
000300001408065003070001080160030000954072836023049050500017900001003060040200010,692384571418765293375921684167538429954172836823649157536817942281493765749256318
025070018006000004403080020500708060007004082140002790700000200060917803300045100,925473618876521934413689527532798461697154382148362795751836249264917853389245176
000086042602090780810074050279060001084000000000000278900130804001950307000007900,795386142642591783813274659279865431184723596536419278957132864461958327328647915
509002687000086020260790301806000003000007040020609000053070890400900735007450000,549312687371586429268794351896145273135827946724639518653271894412968735987453162
002945307007000000309000045000001090703069028604003701001697000006100072078300500,162945387547832169389716245825471693713569428694283751251697834436158972978324516
050000120179506400600013000016000004000007800047100650708061005004750001031290700,453879126179526483682413597216985374395647812847132659728361945964758231531294768
108945006209800000000207094002000635007050480600308009001030907700000058500701003,178945326249863571365217894812479635937156482654328719481532967723694158596781243
500700408400050002089006007905080001008012039312000085090000826230800000006400190,523791468467358912189246357975683241648512739312974685794135826231869574856427193
510074830079610402000508000030081069000000080698000204906032000300100600000096025,512974836879613452463528971235481769741269583698357214956832147327145698184796325
800037001100052708790081032040100200600523000000009000050006027920070304310200050,862937541134652798795481632549168273671523489283749165458316927926875314317294856
641800000390600480020007000003002198410780350908060007200108560000034802100000000,641893725397625481825417639763542198412789356958361247239178564576934812184256973
030800009150094602900062000040185230020900045000003961010728300060000008000001074,236817459157394682984562713649185237321976845578243961415728396763459128892631574
600100350700020800508000940870009036003700080090080020260804093340956000080270000,624198357739425861518637942872549136153762489496381725267814593341956278985273614
007430069005060008610090704000000000009070001521040390000004070068257413704000580,287435169495761238613892754376129845849573621521648397152384976968257413734916582
093040000000809400840325017000001059085973064000050002432000001600137000000060093,193746825527819436846325917364281759285973164971654382432598671659137248718462593
480300051700001020091082007000700609960250000100940080003600500609120830000039010,482367951756491328391582467528713649964258173137946285813674592679125834245839716
040010030800000600739004012524006070070400000000302150053021006007009325602003001,246918537815237649739564812524186973371495268968372154453821796187649325692753481
305090700901500300702410900030201479290007000007084200870040003020130000400020090,345896712981572364762413958638251479294367581157984236879645123526139847413728695
510700093006050100280603574140070900005046000600009007007080005800490001050260300,514728693376954128289613574143872956795146832628539417967381245832495761451267389
050607300000900507800030046002450001003260400000703000020000104367090850410820603,954617328236948517871532946682459731793261485145783269528376194367194852419825673
020000908050007000300001007165049023400320000030000090200073085073012060018094370,721436958954287631386951247165749823497328516832165794249673185573812469618594372
006009040001625738000007091607030054200500000590060000152403009063908005009200000,376189542941625738825347691617832954238594176594761283152473869763918425489256317
050700010708000305491008270920800100000602000006090802074200009300576420002000680,253764918768129345491358276927835164845612793136497852674281539389576421512943687
004503900030400000082006000000730096003692015200000000670001020329007600001269783,164523978937418562582976134815734296743692815296185347678351429329847651451269783
058006037000803500300579040000704013003092065200000400000900670040000982870260004,958426137764813529321579846695784213483192765217635498532948671146357982879261354
000010743107054009042000000905070410004000638003000975459020006060940000001560090,596812743137654829842739561985376412714295638623481975459127386268943157371568294
000200004527090108640300270204710089010000407700004310008540003003100020000600501,381257964527496138649381275234715689816923457795864312168542793453179826972638541
058649027004000001006002040020016000000297100000000570900760205037920406862000700,158649327294873651376152948723516894485297163619384572941768235537921486862435719
080000716674003002000005080000020050802051907005900820300547200006000438020800075,583492716674183592291765384947328651832651947165974823318547269756219438429836175
195682430003500008020340000500006712710904006008071090070400009000008203080090000,195682437463517928827349651549836712712954386638271594371425869954168273286793145
310200070009401035008060094005070600100006700670014020437000051000035400090040380,314259876769481235258763194945372618182596743673814529437628951821935467596147382
009040328060003000040500001030460000290080500450329160070804000100006700980172030,519647328867213954342598671731465892296781543458329167673854219124936785985172436
000750000530106280460000105970068403052000001800000060016380020200605308000400706,128753649539146287467892135971268453652934871843517962716389524294675318385421796
609053480300002007000000060006700031291000700037091006083010624060008000052304070,679153482318642597425987163846725931291436758537891246783519624964278315152364879
020518070086000010159647080268009500500401026010200000005090300970000000001704090,324518679786923415159647283268379541593481726417265938845192367972836154631754892
000019000508207941009050080001400020740005038680000400204108503000002860800500210,426819375538267941179354682951483726742695138683721459264178593315942867897536214
500000326400006700069000400805000000607801903934602170700160200100004060006007504,571498326483526791269713485815379642627841953934652178748165239152934867396287514
003240908000100004080030600540012000000005000092700045417829000320050710600371400,173246958265198374984537621546912837731485296892763145417829563328654719659371482
008302906003456801200800734012080000097200008506009070000000263000038090000905100,148372956973456821265891734312587649497263518586149372859714263721638495634925187
000702063963000000270010459590870004346009100000300900030185007020007000084006001,451792863963458712278613459592871634346529178817364925639185247125947386784236591
040001000095627000007053061500004700000002410000780230600200050002005308851300672,346891527195627843287453961523914786768532419914786235639278154472165398851349672
901876304000003002305920701089000100000100940047060800090700500000040009618205400,921876354874513692365924781289457136536182947147369825492731568753648219618295473
000010798120090365057000402000004637003100000070020150039700800082000570015830000,346215798128497365957368412291584637563179284874623159439756821682941573715832946
006003000030082517000400008200801036003259080140000002392070040015006800060130090,586713429934682517721495368259841736673259184148367952392578641415926873867134295
000000013040530090090007250805264001914300802207900004309780005000400600070050009,758629413642531798193847256835264971914375862267918534329786145581493627476152389
000007009082300507010004063957800010430000208021009300164570930000100000570006080,345687129682391547719254863957832614436715298821469375164578932298143756573926481
002000009030020451005360082000090600709680000361007290100000520200900007856200904,472815369638729451915364782584192673729683145361547298197438526243956817856271934
907000001000071000030090075080607910500300780270910400720100640065030100009204500,947523861652871394138496275384657912591342786276918453723185649465739128819264537
060080000700469102019203000600040900845002637001000000057800360090700500306091400,264185793783469152519273846672348915845912637931657284157824369498736521326591478
000604009976000000000980716002300001800010030010026005040790160089401200651030090,138674529976152384425983716562349871894517632317826945243795168789461253651238497
006020050830405070012763840000306010100980000003201900097504000608102030000000204,476829351839415672512763849924356718165987423783241965297534186648192537351678294
805906721006208300904003065000000206080302000060075140070001058000600410002009030,835946721716258394924713865357194286481362579269875143673421958598637412142589637
500000640210000000640803015000000000976085023020470800091006030405310079302900060,538791642219564387647823915854632791976185423123479856791246538465318279382957164
000729103912000540300100280000090026700030008020401705600500000400600800073948050,584729163912386547367154289135897426746235918829461735698512374451673892273948651
000907000380000904090200050600000009039820000071006082952008003064312008010509240,245987631387165924196234857628753419439821765571496382952648173764312598813579246
300060020008217000010003009000790304000628751000045096400109062009080000102506900,357964128698217435214853679526791384943628751871345296435179862769482513182536947
030200005567000000008017360203170604006300890001005730810030900300040006090750010,139286475567493128428517369283179654756324891941865732815632947372941586694758213
029000845075000963860059000001040602280091574000000010630002091008000200902000030,129673845475218963863459127391745682286391574547826319634582791718934256952167438
004900200193072500020030609200810400400007305807005001012580094000049002000720000,674958213193672548528134679259813467461297385837465921312586794786349152945721836
000070100010000050000210739237081400090063000046720803020607304870940000004008020,369875142712394658485216739237581496198463275546729813921657384873942561654138927
506092010209001650300500700160900070050036082008070160632047000014000000000010806,546792318279381654381564729163928475457136982928475163632847591814659237795213846
080064070090320418400091050120000000853006290600270183900040001000000009208009600,381564972596327418472891356127983564853416297649275183935648721764152839218739645
630005070180700930000030450960074000470021000012803704006258100040000890000009600,634985271185742936729136458968574312473621589512893764396258147241367895857419623
821563794009004200004070851000300900003697005500000076005000000907400020002701040,821563794759814263364279851476385912213697485598142376145928637937456128682731549
301065090000190506000080700000601040009300105065000307082506910003910800000800652,321765498478193526596284731837651249249378165165429387782546913653912874914837652
245030070900020100073090650090502000030400085580310004020000069009068001800043020,245631978968725143173894652497582316631479285582316794324157869759268431816943527
790006403000000690003050010306890040074003850958004000517900236000000000009267001,795186423841372695263459718326895147174623859958714362517948236682531974439267581
005001000400700000930042010063259004570300090000800503210000700058420060047195080,725981436481763259936542817863259174572314698194876523219638745358427961647195382
829001604006020781500000009601050300080016005904070106160005040490200010000140000,829731654346529781517684239671452398283916475954873126162395847498267513735148962
700050000000370009000094056600019200170420068300800010237580004940206070501000800,719658342456372189823194756684719235175423968392865417237581694948236571561947823
500000001406003809109208040904060102003710058005320400050900083040000200098000504,587496321426153879139278645974865132263714958815329467652941783341587296798632514
000460020001000064200905310049103802072690030305020090020010900080000007093082040,738461529951238764264975318649153872872694135315827496427516983186349257593782641
710300940090000350830000100580009400006810070021400000009784002250100090070590801,712358946694271358835946127587629413346815279921437685169784532258163794473592861
008000605006090172010000804300000260005610007009040000603021400074050023002034716,428173695536498172917265834341587269285619347769342581693721458174856923852934716
013480500007050310009103487050000900731020008000670200060390045090000003070010860,613487592487259316529163487256831974731924658948675231162398745895746123374512869
007200094283000500940070030500162009100000650006308000000086945009500372000903100,657231894283649517941875236534162789128497653796358421312786945869514372475923168
008500610000472090003681752010060509070100083040800100084706000030005060600018000,728593614561472398493681752812367549976154283345829176184736925237945861659218437
508074206000058009297000000030840620000593708000020003069730000800012005052600010,518974236346258179297361854935847621621593748784126593169735482873412965452689317
003200000007004200000678100000700000020006547804010902065800400040351009102409758,413295876687134295259678134596742381321986547874513962965827413748351629132469758
000090540059004381008000900015076400206089000070402608000803060000657030002901800,321798546759264381468135927815376492246589713973412658597823164184657239632941875
002300690650007400000486000038194205210058070065070009000840000120069000000000526,842315697651927483397486152738194265219658374465273819576842931123569748984731526
072001405003070090000008070005706941930500080000809020307905060658027009000100050,872691435563274198194358672285736941931542786746819523317985264658427319429163857
007653900310970082940800370030500020000030056008100000703006109090041008004000207,827653914315974682946812375439568721271439856568127493753286149692741538184395267
097001200010042009038700000780020960040900380309018000070000015163050090054006700,497581236516342879238769154785423961641975382329618547972834615163257498854196723
007008400924756138006940275000300000701600002068500007100009704000015000040800010,357128469924756138816943275495372681731684592268591347183269754679415823542837916
500120063004009000360800090000061900003090046000008020010006230006940157700013689,589124763274639518361875492428361975153297846697458321915786234836942157742513689
408359072000800000002040130060570820020000340580490001340605200000014583000007000,418359672637821954952746138164573829729168345583492761341685297276914583895237416
206070010070000026140006009000004900015290403790600002007409800480732600600805000,256978314978341526143526789362154978815297463794683152527469831481732695639815247
620007453030050096004000001100000942060090507000002610000020005586003704207005380,629187453731254896854369271178536942462891537395472618943728165586913724217645389
000080010810004605007300982050608030780293056000000100500100863000869040060007090,925786314813924675647351982254618739781293456396475128579142863132869547468537291
005309000049085030060400920930010500824053070157804300000108000000047063002030000,715329486249685137368471925936712548824953671157864392673198254591247863482536719
600300412000000060031040907900030600050089270040700800090070006260001740018026390,679358412824917563531642987987234651356189274142765839495873126263591748718426395
017000890049107023500000714006004000001600070923008001200060480000809000000245367,317452896649187523582396714876914235451623978923578641235761489764839152198245367
050682003006000000010003087901406802063020401824009370200004915100000000000200708,759682143386147529412953687971436852563728491824519376237864915198375264645291738
203507009090430502000280407409050000602100305501700068000901000007340000000865020,243517689798436512165289437489653271672198345531724968326971854857342196914865723
000347605000000740070000921058600390200070100040130050492001000003260070065400802,921347685586912743374856921158624397239578164647139258492781536813265479765493812
050300410049056230060040007500700380300000000001083954008900045435000000927410000,852379416749156238163248597596724381384591672271683954618932745435867129927415863
534602008002000030906308200005030094003020100007405302059041000048906021600000000,534692718812754936976318245285137694463829157197465382759241863348976521621583479
109000007065087000000900056670890000004006200308750004000501409001009300093268705,139645827265187943847923156672894531954316278318752694726531489581479362493268715
005007009827000061000001502003610000540370600901200705200900100100780043000152090,615427389827593461394861572783615924542379618961248735278934156159786243436152897
001060500064100230007300000102607908700804020400000703009003072070006350540270080,321768594864195237957342816132657948796834125485921763619583472278416359543279681
210050407000007560560040000080002930726039005095004270000000300002410000104300652,218653497943287561567941823481572936726839145395164278859726314632415789174398652
030009081000200637000630005000502000051304070004017563165900700000000000023106954,536479281419258637872631495387562149651394872294817563165943728948725316723186954
007800004059020008380970020020739001930100060005402030600007050572018400090000002,267853914459621378381974625826739541934185267715462839648297153572318496193546782
208003065309060104470500009000130000907005400030000600683007000091046370700309006,218493765359768124476521839865134297927685413134972658683257941591846372742319586
100702530703080400400000010018300000000610800604879301040090203000036700370208009,169742538753981426482563917918325674537614892624879351845197263291436785376258149
003000702057000600001060089520000190100302050839000200412950300090000416060471000,683519742957824631241763589524687193176392854839145267412956378795238416368471925
080702001000000025057104068531976000600200390090043000124300000005407013070020000,986752431413689725257134968531976842648215397792843156124368579865497213379521684
500830602030621507102900000000362480008040003203708005300200104005100006780000000,579834612834621597162975348957362481618549723243718965396287154425193876781456239
010009004600007020740010360300090015108405900090031800000024657906750000400000093,213569784689347521745812369372698415168475932594231876831924657926753148457186293
006007318071083000000000075000045023300060000948302006010700584000010602004530790,496257318571483269832691475167945823325168947948372156613729584759814632284536791
006237100130000006002600000081000049004061807793800012000106000065090200309508060,946237158137485926852619473681372549524961837793854612278146395465793281319528764
409006000070042000003800472092300050000905083315028000954163007000080060001007030,429736518178542396563891472892374651746915283315628749954163827237489165681257934
015020000030016002200050907043201500600005201020030890000000325008500169150003008,415729683739816452286354917843291576697485231521637894964178325378542169152963748
010500039807023540600480700074030900050010064000045078501007003700004600040800200,412576839897123546635489712174638925958712364263945178581267493729354681346891257
000006000007230001150080060890024007001609458600000239300010590008940026040002080,482196375967235841153487962895324617231679458674851239326718594518943726749562183
100009065978030104000000930005000000060497000007502410420000870703040609500708340,134829765978635124652174938845316297261497583397582416426953871783241659519768342
003604298008003017670008000092806050000300900301500402020705041430100805010000000,153674298248953617679218534792846153584321976361597482926785341437169825815432769
060700028704000000008005067800070040970006030016250070080509600043060980600008753,369714528754682391128395467835971246972846135416253879287539614543167982691428753
940273506000000402752408090506030001030700050007050000000320065060007234020605000,941273586683519472752468193596832741238741659417956328179324865865197234324685917
000354090506900400090008305800040203000000009029700800900087061780005902050190048,278354196536921487194678325867549213415832679329716854943287561781465932652193748
008074615760800000300910000500000032830150700010007500000543279200008000070290380,928374615761825943354916827547689132839152764612437598186543279293768451475291386
020930400031600000890000037060000100000862090049173856010040005405706010602010000,526937481731684529894521637368459172157862394249173856913248765485796213672315948
873200951000800200020091800007000000060000100409576082982603000700910503130000090,873264951691835247524791836357182469268349175419576382982653714746918523135427698
502781300800924000700350080000090740054608200030012806200040010005167000000200070,562781394813924567749356182628593741154678239937412856276845913395167428481239675
000503080300060712000021003000410820060008170008000095004690231090000507270350008,127543689345869712986721453739415826562938174418276395854697231693182547271354968
642980000503002000070600000006000054400000970009050826030000700280043609960871043,642985137593712468871634592726198354458326971319457826134269785287543619965871243
000400006504000000619072030062000047005700080008641000450008701701500003283100405,837459216524316978619872534362985147145723689978641352456238791791564823283197465
000807023003009004860324005600982000080071000702430050054760200206008000000005930,491857623523619784867324195645982371389571462712436859954763218236198547178245936
920000738004030109000000000100000600000160380396007201417095003639070000258004070,921546738864732159573981462185423697742169385396857241417695823639278514258314976
700860523600020000803510690208741900300000400000000217036050700580200000000976008,714869523695423871823517694258741936371692485469385217936158742587234169142976358
600479000000060038100500607410900000503607400097000001961040300370892000050130090,638479215745261938129583647416928573583617429297354861961745382374892156852136794
800000000050000897060490203109603000040000630380907000918304720000500006035172080,892735461453216897761498253129643578547821639386957142918364725274589316635172984
070030810840007300000860040005900427490152600300740001000070080250010006700208100,576439812841527369923861745615983427497152638382746591139675284258314976764298153
047050000905000060803010524000000008308000640002584090080203006700091852019800030,147652389925348761863719524451936278398127645672584193584273916736491852219865437
915023004002008509040500007804900006060304200003080001009800600200401000180600943,915723864672148539348569127824915376561374298793286451459837612236491785187652943
200080607004070520170250804060308102000000000009002756000600089040700301690000475,253984617984176523176253894765398142421567938839412756317645289548729361692831475
070000900491307008000240300080002700000003086930680205060000013000000407714508692,372815964491367528658249371186452739245973186937681245569724813823196457714538692
040005000235040800080260400007900103000100009610008754090600042500480907000519600,746895321235741896981263475827954163354176289619328754198637542563482917472519638
420800003000030240905407001000200890102000064084060002007650400200041030509300710,421896573876135249935427681653214897192578364784963152317659428268741935549382716
000203000759001600310000004023506000178020350045078000000040080090807060086032047,864293715759481632312765894923516478178924356645378129237649581491857263586132947
030209007200008350700653004000086005398000000005100003803065012051930000027000530,534219867216478359789653124172386495398524671465197283843765912651932748927841536
002005019600031048315800000201300700800017452746000000000400073570020000060173000,482765319697231548315849627251384796839617452746592831128456973573928164964173285
008000906090604012210307548037546001000900600001020000073000200602430000080700405,348215976795684312216397548937546821824971653561823794473158269652439187189762435
200957036005000000700328900602405000400200803001870060000004500007583604500600308,248957136935146287716328945682435719479261853351879462863794521127583694594612378
704053601600100200080002094000008000807010403090076150500031840908040700010090300,724953681659184237381762594145328976867519423293476158576231849938645712412897365
020300805600205000000009003091007256060100300405020087002600500750090001089514060,924361875673285914518749623891437256267158349435926187142673598756892431389514762
408209000095000003310600498103000080800320519500004602600400900200013006080000301,468239175795841263312675498123596784846327519579184632631458927257913846984762351
090000070700820400406100009509067801160340702307000006830000900900508610001090080,293654178715829463486173259549267831168345792327981546834716925972538614651492387
000700403056030100000051082010070000007185300000320018003807240082600009071040806,129768453856234197734951682318476925297185364645329718563897241482613579971542836
009650002003097006000240900901060200204030098300012064016309007500400809008000040,149658372823197456657243981971864235264735198385912764416389527532476819798521643
009610023721003800306208400500460300040800510030109040103004000000091684000000030,489615723721943865356278491518462379942837516637159248163784952275391684894526137
031760040020000057007300100200870069075400280190020000300280700002040005854010600,531762948426198357987354126243871569675439281198526473369285714712643895854917632
070601030008300002350200807023006900019750020540008061461000750080000190000007080,274681539198375642356249817823416975619753428547928361461892753782534196935167284
003067200000943000000120403080006907090758300020009610800300500035001829070000104,143867295258943761769125483384216957691758342527439618812394576435671829976582134
204180975080000040001470068800002701970810000100000054097308002532900000600020000,264183975789256143351479268846532791975814326123697854497368512532941687618725439
000700090059430060000502003570049008000805000408003156600001205820057400910000680,384716592259438761761592843576149328132865974498273156647981235823657419915324687
078030002300000010010608530006591048090280070200400003000370400843010700900006051,578134962362759814419628537736591248194283675285467193651372489843915726927846351
487130000053900460002450130910200080040615090006098500031800004070000000000040203,487136925153982467692457138915274386348615792726398541531829674274563819869741253
000090040500804000030612008000976850890203000000080009042109700908027400715000906,286795341571834692439612578123976854894253167657481239342169785968527413715348926
548030200300490801060805037201300640000000008094502703430000190006000300000240080,548137269372496851169825437281379645753614928694582713435768192826951374917243586
020000491090084070340029060002006805700502040450091020860000350000060000205048700,628753491591684273347129568912476835786532149453891627869217354174365982235948716
700080450400705000300410800001024000970000268002000090007100039096038701003097502,719283456428765913365419827681924375974351268532876194857142639296538741143697582
000200007073040051490007802000000060907062315000103900050070129000654700008021006,815236497273849651496517832341795268987462315562183974654378129129654783738921546
715809642400020000006000018030010480160207030087900000050002000079350800040700201,715839642498126375326574918932615487164287539587943126851462793279351864643798251
050060090000083451000000086500049100920518007080000940403200000002030574815007300,758164293269783451341925786537649128924518637186372945473256819692831574815497362
070203040006400009042500670700000096060005812000006004580002900021397008003050027,879263145356471289142589673715824396964735812238916754587642931421397568693158427
900006000021030864050274000180503007000807010000490500560008020200059038030710006,943186275721935864658274391182563947495827613376491582567348129214659738839712456
700000080301709000092645107609100203108000000070500801510000060230050008006200475,745321689361789524892645137659178243128934756473562891514897362237456918986213475
000270090200006004007815006820900300000508040005420810000189003640052001081040500,536274198218396754497815236824961375179538642365427819752189463643752981981643527
060030009037040100940020600386100000000300000000284503478050006000010085053862490,261538749837649152945721638386175924524396871719284563478953216692417385153862497
020517094500003007034900506900805023000460070076000008007201000102380000090754000,628517394519643287734928516941875623385462971276139458467291835152386749893754162
070690285090300060010580903000900002006700009050000840280035796000000030935006021,473691285598327164612584973847953612126748359359162847281435796764219538935876421
507000000016900020089347100700820461000001000004700203658190000402500600031600800,547216938316985724289347156795823461823461597164759283658194372472538619931672845
007300601020016070000057002004030500290504067600092843039040256000070300000000014,457329681328416975961857432874631529293584167615792843739148256146275398582963714
002600300000420908941008005060970540097800206010200097104000000079002050300007109,782695314635421978941738625268973541597814236413256897154389762879162453326547189
106007090342000058759003000897300120000060470060721005030176000000000800500004607,186257394342619758759483261897345126215968473463721985938176542674532819521894637
900240603004301900800967402000590308090004106006020540008402000000000030040870065,957248613624351987831967452412596378395784126786123549568432791279615834143879265
382000500004006730600000241100900370035000014009041050700238095420000080000400603,382174569914526738657893241146985372835762914279341856761238495423659187598417623
300000054082354706049000800007080140098043567000000300000000000061035080754098010,376819254182354796549627831637582149298143567415976328823461975961735482754298613
070392600800470000203000900700000590050004860008900072041530280507208000082160000,475392618896471325213856947724683591159724863638915472941537286567248139382169754
601009000003000549400035007108024070000000005500600034067002403000743062304980700,651479328783261549492835617138524976246397185579618234867152493915743862324986751
108509400009030702360100008030007850605908100840352000290060001083000065000000040,128579436459836712367124598932617854675948123841352679294765381783491265516283947
008700910000000068140006357086500000570040823010000070903400081060150090450090700,638725914795314268142986357386572149579641823214839675923467581867153492451298736
000000247030005106060410000301608905750940000980053410070062093500304000003080000,195836247437295186268417359341628975752941638986753412874162593529374861613589724
800040100300200075002003008003607500281030600605198000020000810004002050768001240,897546132316289475452713968943627581281435697675198324529374816134862759768951243
100830009020000000590002670070006950005270840002509703000064300057300096034008200,146837529728695134593142678371486952965273841482519763219764385857321496634958217
006070209302000006008005743020708400400961800100004090861007020700012008000500970,546173289372849156918625743629738415457961832183254697861397524795412368234586971
000063009067041003009000160900000240570000000603080091785000030394508610100390050,251863479867941523439752168918637245572419386643285791785126934394578612126394857
050084000391052080000306000407830200109020470230940100640500090908000500500400001,756184932391752684824396715467831259189625473235947168642518397918273546573469821
400276000009300006010400000198704360034060008050103047920000650307010004040600200,483276519279351486516498732198724365734965128652183947921847653367512894845639271
320015090080639500509002007805060009000403050000250103053080700002371000000504600,326715498487639512519842367835167249271493856964258173153986724642371985798524631
001800025923061084000007910007408001000300402004020090005902840040000007072643000,761894325923561784458237916297458631586319472134726598615972843349185267872643159
400003025090025071208000094007002003049830007002500410080010560700000009915004700,471983625693425871258671394567142983149836257832597416384719562726358149915264738
730000100506400009920370064070200390200000016000810247005603970007100002000907003,734596128516482739928371564871264395249735816653819247485623971397148652162957483
530870900000009070009002538310004006460010090007086400090008001681900003204000089,532871964846539172179642538315794826468215397927386415793428651681957243254163789
070650490500000007400070003040190060309006008600085934920030046004019025000400009,273658491591324687486971253847193562359246718612785934928537146764819325135462879
020090000058000000040875031035000412200301805814000367000763108000000004086002900,723194586158236749649875231935687412267341895814529367492763158371958624586412973
091000780000080041000030029810907402700020908400000010006000204100602853050470106,391246785672589341584731629813957462765124938429368517936815274147692853258473196
000604005000002000258000000590106082806025071410307000003260590004000003025493060,379614825641852937258739146597146382836925471412387659783261594964578213125493768
070000000198602007264107000003406108040900705009003264900000500006780003802009070,375894612198652347264137859523476198641928735789513264937241586416785923852369471
970085002825600004010420895450009020160003500200000408000070050000002640790560000,974385162825691734316427895457819326168243579239756418642178953581932647793564281
300009200050306890908000074093068000705920000000010080527600000039501620010200049,371849265254376891968152374193468752785923416642715983527694138439581627816237549
060005800310000005708090104137400000000302400400570316506040080000653740943000000,264135897319784625758296134137468952695312478482579316576941283821653749943827561
394270681000138004008004350000019000000000800745386200607001000000050100050702406,394275681562138794178964352283419567916527843745386219637841925429653178851792436
630020500000951603090300000000489075050010086487000100970034060203600000840270000,634827519728951643591346827162489375359712486487563192975134268213698754846275931
006152048000063050500000963014500680060298000080000005032800590079000806000019400,396152748847963152521784963214537689765298314983641275432876591179425836658319427
907000803630000020080143009520090087006870230000302090008405000000000741060710308,947526813631987524285143679523691487196874235874352196718435962359268741462719358
320009700070400010010700590257100046901007800003045070005932007700050100000070605,324519768579486213816723594257198346941367852683245971165932487738654129492871635
003000400450082709900436285000620800000057600640009003870000954000040000500900368,283795416456182739917436285735624891198357642642819573871263954369548127524971368
054306000987050300000000900060020489198405000470009051030008206029613008800000000,254396817987251364613784925365127489198465732472839651531948276729613548846572193
021400030000709100049530206000007000908610020037800690470152380100074000000060400,721486935365729148849531276614297853958613724237845691476152389183974562592368417
000504100000701009185062037761300504002600070540000060300000080059203040070096005,697534128423781659185962437761328594932645871548179263316457982859213746274896315
097000500204305087800009004000500071521800000000000095378602400042103600010900720,197468532264315987853729164489536271521897346736241895378652419942173658615984723
807403060021000740406500001963701008010380050048206007100000002030000074270008000,857413269321869745496572381963751428712384956548296137184637592639125874275948613
068704530030600904902000070580400709000270050000059100490001300020340095050060040,168794532735682914942135876583416729619273458274859163496521387821347695357968241
104005020080091037700040000350780900840563200607010800000607000200039700000128090,134875629586291437792346185351782964849563271627914853918657342265439718473128596
653000000201000008089072006008000060514007000007208510000724805830091007702083000,653849172271356948489172356328415769514967283967238514196724835835691427742583691
209135000030000059040607032020300605100006000905400813000001080014500006892703000,279135468631824759548697132427318695183956274965472813356241987714589326892763541
560008007304005020187000050000507001471890000900061478005006710000302680016000000,562938147394175826187624953628547391471893562953261478235486719749312685816759234
003200054002000080470380190057630000046020013320400060030800549009754000000010006,813297654692145387475386192157639428946528713328471965731862549269754831584913276
604200150310090600005700003043957061000004700700180004530821000009603200400000300,674238159318495627925716483243957861851364792796182534537821946189643275462579318
300025000175400090420700560500040000600050120730010900913070602807000010060130050,386925471175463298429781563591247836648359127732816945913574682857692314264138759
001800039498710206730590000580300004903000000000000378800000163320054000109008005,651842739498713256732596841587321694963487512214965378845279163326154987179638425
051030080020060000940010700406001000835090004100300560564000802080000003317028605,651732489728469351943815726476251938835697214192384567564173892289546173317928645
001000700080007040032084519020900073070000002049000060650000030807560294203001607,461359728985127346732684519528916473176435982349278165654792831817563294293841657
300080164504102783810040050900210000201850630085000040020000000007001308400020500,372589164594162783816743952963214875241857639785936241128375496657491328439628517
050006000300071008060090104000730000670000035090068400016857302230000080845100970,159486723324571698768392154481735269672914835593268417916857342237649581845123976
092154003030000100600200097006001000000806410409023076003602040500007038920005700,792154683835769124641238597286471359357896412419523876173682945564917238928345761
400000209015032760006040000028403105090500000750600000100004087500306010840210096,487165239915832764236749851628493175394571628751628943162954387579386412843217596
000450317000000605537061040300592000700046008024030050003000860850004703000300094,286459317941273685537861942318592476795146238624738159473925861859614723162387594
573091806004000730806073140780200904430900650000005308009000000000050003050028090,573491826914862735826573149785236914431987652692145378269314587148759263357628491
260387001008200034005004080000000305037010000526040008800609400750000806040072059,264387591178295634395164287981726345437518962526943718812659473759431826643872159
003120604007000800040008315209407000004861203108902457090080040000005001000700060,853129674617543829942678315239457186574861293168932457791386542486295731325714968
040580620000123000000007000006201490004768035000954286000015900490006000658000700,147589623869123574235647819586231497924768135713954286372415968491876352658392741
000200000901080000070645030100520370300906548060800000086000407019452000503700290,634291785951387624872645139198524376327916548465873912286139457719452863543768291
040193600007000000906080004079060051000004200480010070724301869090670002600240000,245193687817426935936587124379862451561734298482915376724351869193678542658249713
607000024509800061100907380008076502006400807050100649300000400001004050020005090,687513924539842761142967385498376512216459837753128649365291478971684253824735196
040300006083005040507406310400013095000000000018050037100678500002001003804032070,241387956683195742597426318476813295325769481918254637139678524752941863864532179
706003090892054130143789200005100000264000000018405600000008000009000485001002003,756213894892654137143789256975126348264837519318495672437568921629371485581942763
405600080320700009000023704690000530000102068180506407200087095000005200000061800,475619382328754619916823754692478531547132968183596427264387195831945276759261843
007001000302000050901005004034586000590002040008100035710003926800000003603219008,457961382362478159981325764134586297596732841278194635715843926829657413643219578
005420176002000008000090030051840300063000000278930604080063502039000000706009083,395428176612357948847691235951846327463172859278935614184763592539284761726519483
300740000095000410200000076070100692060000800020068705002030067007405109900870304,316749258795682413248513976873154692564297831129368745482931567637425189951876324
300605004000003006610800230004002680802710903001300000008031709106080000573006040,329675814487123596615849237734952681862714953951368472248531769196487325573296148
840000000057436082600070045290780450080050060000062009015609008000508000900300504,843295617157436982629871345296783451781954263534162879415629738372548196968317524
813925700006810000020000081400008170000264850350000624500007068200001900090000400,813925746746813592925746381462538179179264853358179624531497268284651937697382415
419863570000504960560090000070080059085600300201050000050000610000006805090070203,419863572732514968568792134673281459985647321241359786354928617127436895896175243
000003005600000700401058260004005007009417602130000900300580076900164320040300500,728693145653241789491758263264935817589417632137826954312589476975164328846372591
025080006730000000008300001503072400840009632009840007300025100004100720100407900,425781396731296854698354271513672489847519632269843517376925148954168723182437965
406500012013700489000004000190058003000217900200490000900041000071820500800900106,486539712513762489729184365197658243634217958258493671965341827371826594842975136
100800500200079400007004060029017000075906200061240000030651920500008006000403107,143862579286579431957134862429317685375986214861245793734651928512798346698423157
250140900079080015804000000040000008000094120060810503500739004603450870000200300,256143987379682415814975632145326798738594126962817543581739264623451879497268351
650020074041000003000005802000030726003972518070010309380000007020700400597600000,658329174241867953739145862915438726463972518872516349384251697126793485597684231
100093027047000560500060010480900150005210780070000000004089071036005008010002305,168593427947821563523764819482937156395216784671458932254389671736145298819672345
090000300010200089030950721100805490000040007009017008400100972370090800000570604,295781346714263589638954721167825493823649157549317268456138972372496815981572634
046805093900063100017000605000480006809600240000572800004200350503040078000000060,246815793985763124317924685732489516859631247461572839674298351523146978198357462
034800015270005006800000009000042703340680152000050090020030940000021008410060027,934876215271395486856214379589142763347689152162753894628537941795421638413968527
087601400009050000400907000004036100926000500100004280008040025602300918091800030,387621459269453871415987362854236197926718543173594286738149625642375918591862734
004000052610800970020607103860001207090078340040020005000290530000065001450080000,784319652613852974529647183865431297291578346347926815176294538938765421452183769
020006075060008320431570000100000068083001590905004013700080100300600000000140837,829316475567498321431572689142935768683721594975864213794283156318657942256149837
041000082900100000600020300830500060705008020000073500256047030008601240104302070,541739682923186754687425391832514967715968423469273518256847139378691245194352876
610008950002509300000032086004270090070010245026004000350097020097000060061000800,613748952782569314945132786134275698879316245526984137358697421497821563261453879
000020030020030079003008124009407356307050000560000000015840290400065803008090005,176924538824531679953678124289417356347256981561389742615843297492765813738192465
800203054040070003603040020060709400100834675000005019730000580900107000005306000,897263154241578963653941728568719432129834675374625819736492581982157346415386297
500800000080521000006070080092185630350467200600902701130048900005000000800050070,573896412489521367216374589792185634351467298648932751137648925925713846864259173
400567008270043000960021473030050700590008300020009010009380001086000030000604007,413567298278943156965821473831256749594178362627439815749385621186792534352614987
903401500105320000208509071006984002402050800007602014850000000700013000009040000,963471528175328469248569371316984752492157836587632914851796243724813695639245187
020980100001006095000100004940850306000720900057009401576000800030508000208603500,724985163381246795695137284942851376163724958857369421576412839439578612218693547
037000594050087060060004180900000430020306070000790215080002000010800643604150000,837621594451987362269534187978215436125346879346798215783462951512879643694153728
600020800080005007005819064590103000020056000100000073350001046901500302046070001,619427835482635197735819264597143628823756419164982573358291746971564382246378951
000005620603701000809032001402160050090004160000000004070010046005406390900570802,741895623623741985859632471432168759597324168186957234378219546215486397964573812
000360700100900530050400026300008002940013800800754093078030000600002378000070210,429365781186927534753481926317698452945213867862754193278139645691542378534876219
409801207000970306062500010600000102070000409210480065046790000007610800001030000,439861257158972346762543918694357182875126439213489765346798521527614893981235674
705000900360200750900740030296073500053080067000001029030000805080600070010037006,745316982361298754928745631296473518153982467874561329637124895482659173519837246
069700010800600007475120000003801004090076850000900070007080400300067105546019000,269734518831695247475128639723851964194376852658942371917583426382467195546219783
308005029000019000000030010001004053023080090007090460006008005742053900080942076,318465729574219638269837514691724853423586197857391462936178245742653981185942376
100000200764003500500087060421050700000291000003000000310809000247610080609030154,198564237764923518532187469421358796876291345953476821315849672247615983689732154
108279060402015300570083291004000109015740000600500000000034510001050000300000640,138279465492615387576483291724368159915742836683591724867934512241856973359127648
000062000010900004507038060009213400230604009400890602175020006020701500000000107,384162975612975384597438261769213458238654719451897632175329846826741593943586127
230100406580003100700004509070850001000000708802041903051008004608400390900030000,239175486584693127716284539473859261195362748862741953351928674628417395947536812
706001000425300000809050007278006400001700000004028100002190000903000614187060250,736841592425379861819652347278916435561734928394528176642195783953287614187463259
000800006706053400080094570005920607001347009807016200070060030000005064064000900,459871326716253498283694571345928617621347859897516243578469132932185764164732985
004629800390008521072305004040000002930000016001006300100900030450200080000051409,514629873396478521872315694648137952935842716721596348167984235459263187283751469
004608100900701400002000000693107002020000000000592316300079085750003091009805700,574628139936751428812934567693147852125386974487592316341279685758463291269815743
407000026900460070620071004075080010300016000000230009080000400500120067160047280,457893126931462578628571394275984613394716852816235749782659431543128967169347285
001340600300700008048962000800000062903806005056230000105620900030090006090083070,271348659369715428548962713817459362923876145456231897185627934732194586694583271
009701402000824000001059870905460000027500040380000096002300750570000609030000081,859731462763824915241659873915468327627593148384217596192386754578142639436975281
008503000052041080070080005006004050295130600803056009500060012920815360000000000,468573291352941786179682435716294853295138647843756129584367912927815364631429578
015040003020613054400709000294001000060592070700086090002900010003860009009000530,915248763827613954436759128294371685368592471751486392542937816173865249689124537
071030000408006010200078009060009070029010050000657021053401702002785600000000085,571934268498526317236178549165249873729813456384657921853461792912785634647392185
500074600000000001070060900020410006000680059006030028902043007780050300403897205,519374682634928571278561943825419736347682159196735428952143867781256394463897215
000003000080005306060781250820450000601800940903176500000060810400000600510900704,275693481189245376364781259827459163651832947943176528792364815438517692516928734
000410000201000000060000137023007950050004678870905300040030012380500009507090803,795413286231876495468259137623187954159324678874965321946738512382541769517692843
004300019300600820005041300003090647506000130200136900600502403050000090400008005,864327519371659824925841376183295647596784132247136958619572483758463291432918765
290008374003200650087406000060000030002715800005000927070009000359040002020070105,296158374143297658587436219764982531932715846815364927671529483359841762428673195
050027000030450872427039015000000060070503400010000097000090006300704280002060754,856127943931456872427839615243971568679583421518642397784295136365714289192368754
102800603807350000009000851074080100900540708000020000786030519005008307090000200,152894673867351924349276851574689132921543768638127495786432519215968347493715286
000007903390080025001930000903500006087400030050002008010650000405720600762841000,548267913396184725271935864923518476187496532654372198819653247435729681762841359
900071400070004013000500009300106054700309000041002390105007020009000537207900601,923871465578694213614523879392186754756349182841752396135467928469218537287935641
736008102510000830902000546100000720049072300027100050000000670400390080000046900,736458192514629837982731546153964728849572361627183459398215674461397285275846913
004839012018020000062000000280697054005018000009305020000400080020961007040580090,754839612918726435362154978281697354435218769679345821596472183823961547147583296
360010009200300506709860403000007004870046300904038060180000640000400108400001090,365214879248379516719865423536127984871946352924538761182793645697452138453681297
002010370080930002700002000600723010008096503239000060006200795054300006020600030,562814379481937652793562841645723918178496523239185467316248795954371286827659134
800600734001405860004038510000903027005100003070040000910084206500000000206310900,859621734731495862624738519168953427495172683372846195913584276587269341246317958
060070000000200007009600208016097302000382614820401000000000900097108426301020005,264875193138249567759613248416597382975382614823461759682754931597138426341926875
064000097005000010318000054000014006507296001006000970090031760051000009080960105,264153897975428613318679254829714536537296481146385972492531768651847329783962145
070041000201800730400270081000080000000300129504912000005408000000100952307009468,873641295261895734459273681192786543786354129534912876925468317648137952317529468
074019650829050010005080400902840000060002530050003089706008001080091740000700000,374219658829456317615387492932845176168972534457163289746538921283691745591724863
400070000010490026006130087504701900070050000082960053800000602060200870040603100,423876519718495326956132487534721968679358241182964753891547632365219874247683195
410090027005080900800740000180267005050010080379000010000874650040509030500006009,413695827765382941892741563184267395256913784379458216931874652647529138528136479
069100040010040203480700000020480015900067028840010070508274000000800702070003900,269135847715948263483726591327489615951367428846512379598274136634891752172653984
306020098008090300009700460200000810694008200780000046060010050910030004000546120,376421598148695372529783461253964817694178235781352946462819753915237684837546129
000508320007023001006941070000000043230400007790005000600039004140857009900000135,419578326587623491326941578865712943231496857794385612652139784143857269978264135
064090703027603019090708040070000050409170680000060400900010200042007000010082064,864591723527643819391728546276834951439175682158269437983416275642357198715982364
390124006062090013518730009600000040200000030740082090100205904050000000920073000,397124856462598713518736429631957248289641537745382691173265984856419372924873165
060952741009400050075000206004000900830009007096007010000200100951004680007005430,368952741129476853475381296714563928832149567596827314643298175951734682287615439
146000300908300761005961008010026080084509000007010603000198034009052000000003000,146287395928345761375961248513726489684539172297814653762198534439652817851473926
105060349090014000608020701060800003010070405003001070800497020006080134000100090,125768349397514268648329751764852913219673485583941672831497526976285134452136897
070000200100304005004070631002001050951806004030000010609403107503000000087010563,375169248168324975294578631842791356951836724736245819629453187513687492487912563
280009736003480002100030000095001800410020075000500601879200000540000097020900150,284159736963487512157632489695741823418326975732598641879215364541863297326974158
350168794900370000000054210000046000865210000007000082080603150000701300000485000,352168794914372865678954213293846571865217439147539682489623157526791348731485926
604003900020001780000080005290060300031820006005039072048506009006090007000378100,684753921529641783173982645297465318431827596865139472748516239316294857952378164
000800003400752000089000075523078100640000789000064502050000346000000050810536007,175849623436752918289613475523978164641325789798164532957281346362497851814536297
589030020032075180000020000304800060000009045050204970010790002006040000473180500,589431627632975184741628359394857261267319845158264973815796432926543718473182596
526084009000600300043010256002796000167200090900040000000000903000500182091003064,526384719719652348843917256452796831167238495938145627685421973374569182291873564
001540020740020803926008000003082079074001300098034000462000050350000006000260004,831549627745126893926378145513682479274951368698734512462893751359417286187265934
000083010604970008900600750000300000205810046160009007380090100401050060070036402,752483619614975238938621754847362591295817346163549827386294175421758963579136482
785000104029540708004270605096400000000010409012309000067000001000090580003004072,785936124629541738134278695596487213378612459412359867967825341241793586853164972
001800067729360000058900200040130700500000601910052043000293480004087000000016000,431825967729364518658971234246138759583749621917652843175293486364587192892416375
970300010020004069010600000132040806700080094089700001250800607000200030890067100,976328415328514769514679283132945876765182394489736521251893647647251938893467152
010500208650000019030009540020007054000320187000000902901600873380090601000001005,719546238654283719832179546128967354496325187573418962941652873385794621267831495
070600400104008000068940010410097806090060020026001050300004169000056203000309008,279613485134578692568942317415297836893465721726831954352784169987156243641329578
000000240000109780000007513129743050360008471004061000200000105006012804000050020,817635249453129786692487513129743658365298471784561932238974165576312894941856327
020601400030804002070500038063405701700090004400000080306007805000300210102050306,928631457531874962674529138263485791785193624419762583396217845857346219142958376
007480563000010480900065002005024970604971030170050200001000620003006057060000000,217489563356712489948365712835624971624971835179853246791538624483296157562147398
008040100740003009100625004504098301800400095000561087090370000375080000200009000,658947132742813569139625874564798321817432695923561487491376258375284916286159743
012643008600008000000020040005710039020800017160932800983060170070300000050070900,712643598634598721598127346845716239329854617167932854983465172271389465456271983
780293510690800342000500000000009035020000100007058409000980003030700200852304070,784293516695871342213546897148629735529437168367158429471982653936715284852364971
087905000205641000004807950006004090402100380970000020008090500023010000760008410,687935241295641738314827956836274195452169387971583624148792563523416879769358412
058000020073089540061530800600005000500704602140200008020071000010000204390400701,958647123273189546461532879632895417589714632147263958824971365716358294395426781
940086030058020076107390208803000050000000087090800300080109025709040000500060804,942786531358421976167395248873612459214953687695874312486139725729548163531267894
518640723000070814000102500782901045000020100000005000600750032004010008820000050,518649723269573814473182569782961345935427186146835297691758432354216978827394651
000034760100000050480050200730000610620040000518060302000420003840090100372510090,295134768163872954487659231734285619629341587518967342951426873846793125372518496
000043006095170800030280000560819420280000610019460085900004060103600000078000000,821943576495176832736285941567819423284357619319462785952734168143698257678521394
900008360085000017040120900000092000709001050150060000004079501000213648600005029,971458362285936417346127985438592176769381254152764893824679531597213648613845729
700080010106470000032010057005900700000007092079250080508060020061000074027000165,754382619196475238832619457215938746683147592479256381548761923961523874327894165
001408003300912046940000018007094000030006127600000000190680050000503791700040600,521468973378912546946735218217394865439856127685271439192687354864523791753149682
003020007879300050006709030080006743000070200060040009047030026020067890690002300,413625987879314652256789431185296743934571268762843519547938126321467895698152374
418002300060130800070900106080304000006510780305806004050000070600780900800401060,418652397962137845573948126781324659246519783395876214159263478624785931837491562
603745000000096003010082500004001308230900104106053900000010230000260000802004017,623745891548196723719382546974621358235978164186453972467819235351267489892534617
900010820000046059600302700090084103060030000000000980307008095800050617026109030,934715826271846359685392741792584163468931572153627984317468295849253617526179438
260100700708569001095700000900005316000000008604007920007603102000071000016200807,263148759748569231195732684972485316531926478684317925857693142429871563316254897
050200094060000102903841075090300048078002000006590010045100006002080050080075001,157236894864759132923841675291367548578412369436598217745123986612984753389675421
600030020740060000230789416504028003190000000380007054400100800950043000061000040,618435927749261538235789416574628193196354782382917654423196875957843261861572349
100600907906020000020090500500813600709000003030409052001000005085006790307001864,154638927976125348823794516542813679719562483638479152461987235285346791397251864
381090204070850603000300008628007009050000080700100006010200430540600802009400061,381796254972854613465321978628537149154962387793148526816279435547613892239485761
000432170402901006530080400003004027007090500250307600100800060780040203390000000,869432175472951386531786492913564827647298531258317649125873964786149253394625718
700083001006501004900000000092008750000000000801627340123079405070360080084002030,745283691236591874918746523392418756467935218851627349123879465579364182684152937
045100903130000000800000720000009078071004500284000310003007004427000056590641030,745162983132978645869435721356219478971384562284756319613527894427893156598641237
000000260576200000080007100710560309600030008004000025062450870000370490497100030,143895267576213984289647153718562349625934718934781625362459871851376492497128536
901000000003004009007190508006925047405610000008307000502409010060030080780560090,921856374853274169647193528316925847475618932298347651532489716169732485784561293
006809000100300529007040008930684170000000490070913006000700000059068040701400980,326859714184376529597241638935684172618527493472913856843795261259168347761432985
560084730900030000723150408036800900080400050000000040300700580870001020692000370,561984732948237165723156498436825917189473256257619843314762589875391624692548371
850200670603000084724030150007810000500006940000042710000029060060001030008463000,851294673693157284724638159947815326512376948386942715435729861269581437178463592
800090030009200085007500002231006040675901300000002700000618270000400010140029850,852194637319267485467583192231876549675941328984352761593618274728435916146729853
061870053090034100003021607070000030024060500018007940702000319400200005000005004,261879453597634128843521697975142836324968571618357942752486319489213765136795284
006500200020164300003070461070902605090630040300005900200001090640098000950300004,416583279729164358583279461874912635195637842362845917238451796641798523957326184
103702400400010307060008509305179002020400075000060940001000004509000001270030098,193752486458916327762348519345179862926483175817265943631897254589624731274531698
050000030000001000094380060519076240008900051046000980801495026903000070000600809,652749138387561492194382765519876243738924651246153987871495326963218574425637819
648010002317000008009000001000701000902004510170925300001006820526008079000007100,648519732317642958259873641835761294962384517174925386791456823526138479483297165
000910000400300159090054002804670200709001008031040007023008091040007300010023006,385912674472386159196754832854679213769231548231845967523468791648197325917523486
000209430005000020240380000001723800402098300300061000059840063700010900680002100,816259437935174628247386591561723849472598316398461752159847263723615984684932175
204918000891000400000007100102705360930200050600300907000870200008634009060002080,274918635891563472356427198182795364937246851645381927513879246728634519469152783
200013000453000001069000870046100300000687100581002060000250004604000019900461008,278913456453876291169524873746195382392687145581342967817259634624738519935461728
002019300040030500700804090170003069005106803008200451000005780200978000000361000,562719348849632517713854692174583269925146873638297451391425786256978134487361925
700000501590018000001000003000045600602800450954702010800450200023680005060020870,738294561596318742241576983387145629612839457954762318879451236423687195165923874
072090043000700096013006700061805024200060030400009501030010678100400059090003000,672598143845731296913246785361875924259164837487329561534912678126487359798653412
000003869000589012000100534400000000009617420200400106000001097816002005700064200,152743869643589712978126534461235978589617423237498156324851697816972345795364281
200009007500278340001035069150007600000610005694000002026000000070504000005726908,243169857569278341781435269152947683837612495694853712926381574378594126415726938
000002000037090428002800905060010203305024007209538004000000309500080700086900502,958342671637195428142867935864719253315624897279538164721456389593281746486973512
038609200047081000902403700270098401000000005180004000054907002000042000000865903,538679214647281359912453786276598431493716825185324697854937162369142578721865943
045070308010500027702600100409057231007300004000004900003000892090700045080005700,945172368816539427732648159469857231127396584358214976573461892291783645684925713
100000002000310507050002069040600000570000346816943000460005870900030001700106290,197568432624319587358472169243657918579821346816943725461295873982734651735186294
467800903000430260100509007040005010000604029093010000300056000950200000026943005,467821953589437261132569487248395716715684329693712548374156892951278634826943175
001070000483962000250040006004589002605030000308020700000310480006090120049000073,961875234483962517257143896714589362625731948398624751572316489836497125149258673
543780600060000400080450300704600905900240103000590040478000030601800274000000009,543781692167329458289456317734618925956247183812593746478962531691835274325174869
081040902040500610007010045000065080039001450000800200200100004716002500304056008,581647932943528617627319845472965381839271456165834279258193764716482593394756128
800060403056000780013700506001407062900100050708052341020010008000600000690004100,879265413256341789413798526531487962942136857768952341324519678185673294697824135
800160957305749810170000064000000109030001400090670520007000030000810005010050240,824163957365749812179285364658432179732591486491678523587924631243816795916357248
801090000004100680002084700940000800750000096008000037480056070010403008630918050,861397542374125689592684713946731825753842196128569437489256371215473968637918254
032040007709800140040010052501000000000758009407000065024170003370500001800030604,132645897759823146648917352591462738263758419487391265924176583376584921815239674
001504960250009000009170802000930410004718036100000000300800200792000005068250300,831524967257689143649173852576932418924718536183465729315896274792341685468257391
030500000800302740021000580048000030006050020100800005250010376009430002680720910,437581269865392741921674583548269137396157428172843695254918376719436852683725914
500039710736050004000400385000183007007906032048020009803004020900010073060000000,584239716736851294219467385692183547157946832348725169873594621925618473461372958
600004218328006090004080360030000900080007031900301850200608700096405120040000000,679534218328716594154289367431852976582967431967341852213698745896475123745123689
007000610000000804005008002000037000100050260308604050856913027023705180740200000,487392615239561874615478392562137948174859263398624751856913427923745186741286539
300000010950080000002406508090005006075001030000398250100857340530600070007910600,368579412954182763712436598293745186875261934641398257126857349539624871487913625
007006940003090600065040070076020008040730060092400750609302500000610300030800106,127586943483297615965143872576921438841735269392468751619372584258614397734859126
000084500018370000004002000057060934000803000640090002309657140061020305080100007,236984571518376429974512683857261934192843756643795812329657148761428395485139267
794635100560701049030049706005200403000008007000193502053000000041060000200080000,794635128568721349132849756915276483326458917487193562653912874841367295279584631
001026940000159038035870021000793200009001076003205080510000807002007090000000500,871326945426159738935874621168793254259481376743265189514932867682517493397648512
409761053030000000010008706000000405046000901100204037094302060800500072072006009,489761253637925814215438796923617485746853921158294637594372168861549372372186549
019403007080000015020560000060798053900035762003000000090002176035007084071000000,519483627486279315327561948162798453948135762753624891894352176635917284271846539
370000000000307405549821360903400100004502000000010046031060590400208000005109200,378645921126397485549821367983476152614582739752913846231764598497258613865139274
000407000987065200304000700100586000008249000659700400803000045020003080501870030,265417893987365214314928756142586379738249561659731428873692145426153987591874632
074100000000000070158709460890301024060008001700020009020960000081050340546000290,674182953239645178158739462895371624462598731713426589327964815981257346546813297
060700000040016000073052080602005070000000005758961042080504200007090460409000751,861739524245816937973452186612345879394287615758961342186574293527193468439628751
240001860371069020600200003800010030000097000000483000002046070700000306916370205,245731869371869524698254713859612437423597681167483952532946178784125396916378245
905428010482700300007000000503090070008000560001050804100500986300009702000602053,935428617482761395617935428563894271248317569791256834124573986356189742879642153
020317008004009006007450201005030000308605002009280400093160804700000100060098020,926317548154829736837456291215934687348675912679281453593162874782543169461798325
010000380000700900000090725407009200196002003002007060900026841084301002201940000,719265384325784916648193725437619258196852473852437169973526841584371692261948537
010050403960304701000090005070038209080710506000400000809000150007281060021000308,712856493965324781438197625176538249284719536593462817849673152357281964621945378
095003000367081000401000008180390007009000401206000090048070103053010802602000509,895423716367981254421756938184395627539267481276148395948572163753619842612834579
847090500062080300000100604324017000605429800780006002091060003030700090000000065,847693521162584379953172684324817956615429837789356412591268743236745198478931265
730061040040030056001840003407150602192006080000004790024510000000000500576000800,735961248849732156261845973487159632192376485653284791924518367318697524576423819
309100400106000002004000600000030900800951324403260157930010870040075000720090000,379126485186549732254387619512734968867951324493268157935412876641875293728693541
090001658000090017810000230903020700040009005070060301000900100720005083109682004,397241658562893417814756239953128746641379825278564391485937162726415983139682574
400000950257400000916037200600020478004008010790610300170000060000050801060093700,483261957257489136916537284631925478524378619798614325179842563342756891865193742
008000090000584720420000813702090530000042068086300047507109684000600000000058000,678231495319584726425967813742896531153742968986315247537129684894673152261458379
050013000109000006300906510006057980230000065508001200001000050903045072020608400,652813794189574326374926518416257983237489165598361247841732659963145872725698431
090600200100824009402000601250008016008002047704500023000406000007903000600207408,395671284176824359482395671253748916968132547714569823829416735547983162631257498
060001005000003206200000000400007800708400052006002094603870021892300000174020368,367291485981543276245768139429657813718439652536182794653874921892316547174925368
800030000030090520009051063005080230900002817001903040674020950000000006010409370,856237194137694528429851763745186239963542817281973645674328951392715486518469372
307456000680070005025890016030007800700205360000030040890010523100320000200000100,317456982689172435425893716932647851741285369568931247896714523154329678273568194
509012670360000401401000005000600900100000000906037140040860010005043800897005304,589412673362578491471396285734681952128954736956237148243869517615743829897125364
005862000008570610090301820500030006003900007000708340200100064050020198001000702,135862479428579613796341825517234986843916257962758341279183564354627198681495732
074809006000410709900007040001304080007108500000006000002600405090052800583941070,174839256268415739935267148651324987327198564849576321712683495496752813583941672
730102000402000003095003021600701050000920068000046100340007502007208400021050080,736182945412569873895473621689731254174925368253846197348697512567218439921354786
453008700060004020982600000071953064000040000349000580600700050010360400000082603,453128796167594328982637145871953264526841937349276581634719852218365479795482613
106000000005000008080291300740306501000400600603107809062913084070000900034002060,126538497395764218487291356749386521218459673653127849562913784871645932934872165
120658900300700105000000086000060240061020059075080603612405000000200561950000000,127658934386749125594132786839561247461327859275984613612475398748293561953816472
010600008629040003840100000200010006900260150030584290580002460460001005003400000,317625948629748513845139672254917386978263154136584297581372469462891735793456821
190000850582006000060008291000005039400060000275013608008039120000000085341080000,193274856582196473764358291816425739439867512275913648658739124927641385341582967
003054000085200036671000200040010560000027180000560073007005600060830090020790301,293654817485271936671983254749318562356427189812569473937145628164832795528796341
100087500023040010800250630070010309005963100000024006050430000000006200360072405,146387592523649718897251634674815329285963147931724856752438961418596273369172485
740060000056900371000875049038000000972000584001500900020700000387609450000004700,749361825856942371213875649538497216972136584461528937624753198387619452195284763
300900020002610008090002016508007103000590060619300700000470085907000640085020070,361985427752614938894732516548267193273591864619348752136479285927853641485126379
704000000051007203029010040000190800492000601300456900085001020006080310003920008,734269185651847293829513746567192834492378651318456972985631427246785319173924568
519000008280946350006001900050037010030009000004050203403000000960704000170063804,519372648287946351346581927852637419631429785794158263423895176968714532175263894
005006081040090002800500760003009148680100573450800000900305007530270000210000005,375426981146798352892513764723659148689142573451837629964385217538271496217964835
000000000149000800058460100002003960067002400390004208900250000270046390580037020,623718549149325876758469132412583967867192453395674218936251784271846395584937621
001028000000600050008531027065400009780000000094805236400083070800104300500200908,651728493237649851948531627365412789782396514194875236426983175879154362513267948
703080000800009760620000009279840600000210948040000000406028190000063004902004036,793682451851439762624751389279845613365217948148396275436528197517963824982174536
473002019009030000500009000907004203000308100801097005006500408704800036028000750,473682519619435872582719364967154283245368197831297645196573428754821936328946751
286095070007001248000020900500280600008906000003054800712309080300800009804000006,286495371957631248431728965549283617128976453673154892712369584365847129894512736
070000090063120504480070610000280709000600081010407005025810030009000058840039000,571346892963128574482975613356281749794653281218497365625814937139762458847539126
700060000096000050000107906009001008300040090260003417007600304004730809080024175,715469283496382751832157946549271638371846592268593417957618324124735869683924175
000500270793800004200094080020050000000680305537010008300105840012308900650009000,184536279793821564265794183826953417941687325537412698379165842412378956658249731
001937084643050000708016000070020000002009810000000097924080560030040008180592000,251937684643258179798416352879125436462379815315864297924783561537641928186592743
000030008659000700200679014500784920007006080000050100703400809040395007000067300,174532698659148732238679514516784923397216485482953176763421859841395267925867341
429361700000000600067500123000010070190470560672800009730000000900000007081704006,429361785315287694867549123548916372193472568672835419734698251956123847281754936
000250040009004020040906805007000080015407030830190007002701068701060200004000173,168253749579814326243976815427635981915487632836192457392741568751368294684529173
007000068090028357020060009301092000789000605005800003010000406072600081000109702,437915268196428357528763149361592874789341625245876913813257496972634581654189732
080106203000279008020380510745023900000490032003008000800932000000040305000001029,487156293531279648629384517745623981168495732293718456856932174912847365374561829
050710209720003100100402507800024390000070000040005801084000003060301002210807900,458716239726593148139482567871624395395178624642935871584269713967351482213847956
020000093008200071039476820002003000000045000000962580200008050000610000391024768,724851693658239471139476825572183946986745312413962587267398154845617239391524768
736000420050069100108402000274080090810000504500140070001095006680014005005000000,736851429452369187198472653274586391813927564569143278321795846687214935945638712
120006407089700005500030692000010008002403500300002040736008009010000800498060720,123956487689724315547831692954617238862493571371582946736248159215379864498165723
800000300070500901060097052000050620080019400037402008300008510056901080100230700,895124376273586941461397852914853627682719435537462198329678514756941283148235769
309700000060053070000019003600130002000060710712400009853604090000371408170000030,389746521261853974547219683695137842438962715712485369853624197926371458174598236
060010004497030608080046050500060301000521000710003000156390807043000100002004006,365817294497235618281946753524769381638521479719483562156392847943678125872154936
405006270206089000000040580500010627700603000000207005090470308000908042800025900,485136279276589413913742586539814627728653194164297835692471358351968742847325961
107800450000600007008005362500100076010260040020300900984026000070480600030901020,167832459352649187498715362543198276819267543726354918984526731271483695635971824
102060057005000900790100860960300004300206005000084013003600079809040020506000038,182469357635872941794135862961357284348216795257984613413628579879543126526791438
902130000756200000010050004231006709400800301807000500000402900029085000004960850,942138675756294138318657294231546789465879321897321546583412967629785413174963852
000080070800196000060027804180204009200000148003008200309060017010503980000900306,932485671847196523561327894186254739275639148493718265359862417614573982728941356
006020800050130204241000700002903100008260000163075020000750612000000308610002007,736524891859137264241698735572943186498261573163875429384759612927416358615382947
420000800000060907300000602070450326200000091065030400004075209002090105900120064,426917853581362947397548612879451326243786591165239478614875239732694185958123764
409260010000403790070081200900040000764508100032100040003070900000810603890000071,489267315621453798375981264918742536764538129532196847153674982247819653896325471
302189067470000810800000509000035000523000006107200308004028000015047600006500090,352189467479356812861472539648735921523891746197264358934628175215947683786513294
000843020080705306300010700002004867037106000840572000003008070090007500508200040,769843125481725396325619784152934867937186452846572931613458279294367518578291643
000801524000000060900000710005216403080054072043080001000168200500402000410005830,637891524821547369954623718795216483186354972243789651379168245568432197412975836
200000000783000524540037000100024700000780960000069002805002306004601207600390100,291845673783916524546237819169524738452783961378169452815472396934651287627398145
090050400438067090002300001360080000000673000007405060743020050019036008850700003,691852437438167295572349681364281579925673814187495362743928156219536748856714923
340015200090600140085090006003200000879500310200301800437056001000007400001040500,346715298792638145185492736513289674879564312264371859437856921958127463621943587
006002087385070200700869001830007526067200004090080710000045000200000970000020108,916352487385174269724869351831497526567231894492586713178945632243618975659723148
070020080060700003208060000300275001007690500590080200000000302752030100483052069,174329685965718423238564917346275891827691534591483276619847352752936148483152769
840000960759400100030980502590200004007054019200690005100000006906040058080000001,842315967759426183631987542598271634367854219214693875125738496976142358483569721
004007091061249508907105000000013286000084017030000000006050700203400005805720000,524837691361249578987165432749513286652984317138672954416358729273491865895726143
950000006007308000140269507060040075095017003070030068030006010004000600080190302,953471826627358491148269537361842975895617243472935168239586714514723689786194352
010650074760208090500304001420095006601030009090006007100060400000400060046580010,213659874764218395589374621428795136671832549395146287132967458857421963946583712
003009147040310600002650008009100000080040003036008904364290080501080020000401009,653829147948317652712654398479132865185946273236578914364295781591783426827461539
402039058800600120010802000008000010030540086506000940060405830000060700195000460,472139658853674129619852374748926513931547286526318947267495831384261795195783462
018000020005800400092300800304095168001208534856000000500030000000007010109052087,418576923635829471792314856324795168971268534856143792587631249243987615169452387
408000306350402098060800005580000000201609000074058601645007000710520089000004000,498715326357462198162893745586341972231679854974258631645987213713526489829134567
000047051250030490109256000780000000904600502000095184620009300570000000000168700,836947251257831496149256837785412963914683572362795184621579348578324619493168725
030029000002008069890006000705900326020567910100200000200600090900815040400002085,631429857542378169897156432785941326324567918169283574258634791976815243413792685
820000609170000048090460027600003000003000400740000001407286905210590703009030004,824371659176925348395468127681743592953812476742659831437286915218594763569137284
900025008082090004751004090010680509800050030095302800000230016300000025020000980,934125678682793154751864392213687549876459231495312867549238716368971425127546983
000025000026001080700600205179403028804012967205879300090087000002000000000006003,948725136526931784713648295179463528834512967265879341691387452382154679457296813
701002460402600003000400070037000085600020300009003624300080140045267000028004050,791532468482671593563498271237146985654829317819753624376985142145267839928314756
208010060000904308000280907400000076600400890839007002005006004104500039003840200,298713465571964328346285917412398576657421893839657142925136784184572639763849251
000400031104035060030176490800000020312000050900040800000754910500308000071009380,768492531194835267235176498847563129312987654956241873683754912529318746471629385
507236040100004002402000300008300010905400280001800050300140007010752430004080001,597236148183574962462918375648325719975461283231897654356149827819752436724683591
400800250098000010073010006004300001051004708807051492000700800089000145042000009,416893257298567314573412986924378561651924738837651492165749823789236145342185679
810367200230849006700002008003518060007200501500000000008005010004030802000904607,819367245235849176746152398923518764467293581581476923378625419694731852152984637
700800005008450009920017000814000300502040000009178042386504217000081000000000054,743869125168452739925317468814925376572643981639178542386594217457281693291736854
309007000805902004007680300000096008003158460000074000000500743510703092004800500,329417685865932174147685329471396258293158467658274931982561743516743892734829516
000300140005201000800000006100526930904003000350408001030050702087002010209104058,692385147745261893813947526178526934924713685356498271431859762587632419269174358
000046005080009061403008700000070008370251000020000573050090630007080219190600054,219746385785329461463518792546973128378251946921864573854192637637485219192637854
080000700009207016670059084000520600050861079000700030706300821004012050500000060,185436792349287516672159384917523648453861279268794135796345821834612957521978463
253406090800029000000080600008305024904000057500004861706042000002150006040008200,253416798861729543479583612618375924924861357537294861786942135392157486145638279
040000000806043200123008004007051309012097006000000010074605980360910500000702400,745269138896143257123578694687451329512397846439826715274635981368914572951782463
082000000569004370070605004000830001008402600030176000340020506200560840006700900,482397165569214378173685294624839751718452639935176482347928516291563847856741923
960000572852700300374100090600400715000600000400509230000850004030000007506900803,961348572852796341374125698693482715215637489487519236729853164138264957546971823
024100365009500400000003100678904200003062094000030608200307000080200030401089020,724198365319576482865423179678914253153862794942735618296357841587241936431689527
008059310701600008200000654100030200593026001000571430007000040046010082800060000,468259317751643928239187654174938265593426871682571439317892546946315782825764193
410000000906023800087060400000002680860000000293506000640039508009208076008005930,412857369956423817387961452174392685865174293293586741641739528539248176728615934
000040510030001900010605000500400790067852340140907005052030070800500102300290000,286349517435721968719685423528413796967852341143967285652134879894576132371298654
100304500083127640000850002000971000008030001307048090045080900000400807069000023,126394578583127649974856132652971384498532761317648295745283916231469857869715423
381705009794010080000004003076040350000052804058371000805000030000008092130000500,381765249794213685562984713276849351913652874458371926825196437647538192139427568
090000000008060050420075098762010000930820004180090570200640007000001600610789005,591438726378962451426175398762514983935827164184396572259643817847251639613789245
008039041204800059179002006780005062060080100002000003007610025826000000001020070,658739241234861759179542836783195462465283197912476583347618925826957314591324678
790060145001000000002490708040007050000800400015000870070540026506372014200006080,798263145461785293352491768843127659627859431915634872179548326586372914234916587
091370060700100903028400000007006090000750201542908300009540000280600430030020100,491375862756182943328469715817236594963754281542918376179543628285691437634827159
048092050205030809090458000082010000100009000034080007806005400003104090400800715,648792351275631849391458276582317964167249583934586127816975432753124698429863715
094602015800703002603045098380957000000400960902360000409006070000500009000209000,794682315815793642623145798386957124571428963942361587459836271267514839138279456
200860000948000657060070809397000080402000000810902500000000905039100000684295001,275869413948321657163574829397456182452718396816932574721683945539147268684295731
000900070700510002482300050059002003003807000217053096020639580008000160000000304,531924678796518432482376951859162743643897215217453896124639587378245169965781324
000030000068050010290070046514090200020000007670200100400010600180704935900063021,741936852368452719295178346514697283829341567673285194432519678186724935957863421
040500200001070603680020000004000006206310450053040700008060309702084105005230007,347596281521478693689123574174852936296317458853649712418765329732984165965231847
250100006600000000809006304003064815085007260000800003300000002001700098702485630,257143986634928157819576324973264815485317269126859743348691572561732498792485631
092030570078002900500000000046000108001000050809103260385016400000090085920005607,492831576178652943563947821746529138231468759859173264385716492617294385924385617
049000038600050297075080040060120409020900370000000002084000903950013804000008025,249671538618354297375289641563127489821945376497836152784562913952713864136498725
147003020800070914290001075009008000700000209500060400380205007000030080612700540,147593826853672914296841375469328751738154269521967438384215697975436182612789543
481060000620900700005401083000000310300006528010372000000610032000804070800205160,481763259623958741795421683246589317379146528518372496954617832162834975837295164
050082090802097605079365000000006023510030000008070000030058017701040052005020006,653482791842197635179365284497816523516239478328574169234658917761943852985721346
001025090080070602007030000060598071805010040010207500100082000750960028090300400,631825794584179632927436815462598371875613249319247586146782953753964128298351467
010930258078000039030801076302000000040003007000420015957002600403708000801500000,614937258578264139239851476392175864145683927786429315957342681463718592821596743
000000003060901250000005890007000061013000584600053000001320070476000032325760410,759286143864931257132475896597842361213697584648153729981324675476518932325769418
004800000800607952050200034003001705040702300760400209000020470370500000400376008,924835167831647952657219834283961745149752386765483219596128473378594621412376598
736402900850001043421030076070020000060508790190300080203000000017040050040600000,736452918859761243421839576578926134364518792192374685283195467617243859945687321
002950180000000304080020605103805740000400010974001008045009800700240039000006071,632954187519687324487123695123895746856472913974361258345719862761248539298536471
000900010310050000509102000050349076000001080673500090000273040230000851046805003,724936518318457962569182437851349276492761385673528194185273649237694851946815723
000300827000427060092050304200601470006705000079034051137060045000002000005000700,564319827381427569792856314253691478416785932879234651137968245648572193925143786
023054000500800020810000457070086040000002715000740036600208004040000160152000308,723954681564871923819623457375186249486392715291745836637218594948537162152469378
000084200079030080000900001080470003703201008950308002017020400098040027060010039,135784296679132584824956371286475913743291658951368742317829465598643127462517839
200360850004290100030000942305700090007509203900000400008010000169075304050900010,291364857574298136836157942345782691617549283982631475728413569169875324453926718
000070300380960070605003800006387091809004700730200080048032007000750000160009030,914578326382961475675423819456387291829614753731295684548132967293756148167849532
610405000080007065009000071400002700058000206000001309170008094905073000060904137,617495823284317965539826471491632758358749216726581349173268594945173682862954137
050003809000200070800104003108905436029800000040310000403072090900430005015009002,254763819631298574897154263178925436329846157546317928483572691962431785715689342
305002400168050902407006000802070005000030000546801300000007860081069040600100059,395782416168453972427916538832674195719235684546891327954327861281569743673148259
720004069090230400000500700400398200087605030003701600109000800006000520042870090,725184369698237415314569782461398257287645931953721648139452876876913524542876193
000410029000207608170090453087001390900700506006000104000008000264070000813600007,658413729349257618172896453487561392921734586536982174795348261264179835813625947
000000001800200650000639004013000980002040103670080540107500200200174390305802000,926458731834217659751639824413725986582946173679381542147593268268174395395862417
050000000080060400006470359825600000630750900040300160068107004302540081090000030,459213876783965412216478359825691743631754928947382165568137294372549681194826537
500000207007062080090007301906008010083274956005090002000480000800030009739620000,564813297317962485298547361926358714183274956475196832652489173841735629739621548
004000000300270495000540001100009024048027010607001930481900050005004080069000103,574193862316278495892546371153869724948327516627451938481932657735614289269785143
160005700037600952200400003604817020070306019510900000020040090000192080900000004,169235748437681952285479163694817325872356419513924876728543691346192587951768234
020706908009000020478520601840090705000200009057400000290000003086030000013074206,325716948169348527478529631842693715631257489957481362294165873786932154513874296
000008015005060004009520670040085901090010000003074000030859007950600100678040350,367498215125763894489521673746285931592316748813974526231859467954637182678142359
005008167006000820400672305000087609070100050208000003864000030000463500030800406,325948167796351824481672395153287649679134258248596713864725931917463582532819476
059801300070000240306040819047100920032700100000300000718650090060010080500200030,459821376871936245326547819647185923932764158185392764718653492263419587594278631
421006078030070009897500000003100000652000000000052680010680092000421000070395061,421936578536278149897514326783169254652843917149752683315687492968421735274395861
040027609007040001523061070000093006000800205000400007702030540059004162408005000,841327659697548321523961874275193486934876215186452937712639548359784162468215793
000001005059340108017690003000403850500009406003508020020850009941000500300000670,634281795259347168817695243192463857578129436463578921726854319941736582385912674
000049100000200054900070820093406008060001592150802643600005279000000080082007000,826549137731268954945173826293456718468731592157892643614385279579624381382917465
000010020501300678362050000000075061000160490106020000003200807207006049005480030,874619523591342678362758914429875361758163492136924785643291857287536149915487236
800300290096842000100607000002068430004709800980050000200001048078020010000983005,847315296396842571125697384752168439614739852983254167239571648578426913461983725
146027850000500000050804090000000380370050100891000540000006005002375468000401902,146927853289513674753864291625149387374658129891732546438296715912375468567481932
249000060806702009100009432900086004450020006760493825000008603000030200300000000,249351768836742519175869432923586174458127396761493825597218643614935287382674951
000608010510307000967120000803000460000930070720006031005003290000409706070060150,342698517518347629967125348893271465156934872724586931685713294231459786479862153
004007016019350742507000090000035970080200004095740001020593007900004030000070020,234987516819356742567412893642135978781269354395748261126593487978624135453871629
210560780700040132403700060106070000040009001000005070931080506050090200600100093,219563784765948132483721965196472358547839621328615479931287546854396217672154893
070921008500040000002300470050070960007539810008000035800000600030056207726000091,674921358593748126182365479351874962267539814948612735815297643439156287726483591
004062080012083000387590060846020307000007000030040120560409800001076005008000010,954162783612783594387594261846921357129357648735648129563419872291876435478235916
000012700410800090527000008050070000030000004800000370395701080170408025240009137,689512743413867592527394618954273861731986254862145379395721486176438925248659137
816000002053007860070608900039006005062140070007000640620073090740500000300060080,816934752953217864274658913439786125562149378187325649625873491748591236391462587
070000006020005700509724183905000860000802000206009071000540090600003500054296007,473918256128635749569724183935471862741862935286359471312547698697183524854296317
000045080027900050456380900240000000008000092003298005060509820030004069000071504,391745286827916453456382917249153678518467392673298145764539821135824769982671534
075080400348001006060700083400000009050369100100002050603008905080930710702005000,275683491348591276961724583426157839857369124139842657613278945584936712792415368
904001850081000003205098400140007000003049070097602301370006000420700695006000000,934271856781465923265398417142837569653149278897652341379526184428713695516984732
002000403634109000000042000000005090067800304409003506020708900908526031000034800,192687453634159278875342619283465197567891324419273586326718945948526731751934862
908000006070930100001005490800102050092000760407300081020840005304006002085207000,948721536576934128231685497863172954192458763457369281729843615314596872685217349
000009806402060971060310540000031207003020060700000100000002700500476300204083690,157249836432568971968317542649831257813725469725694183386952714591476328274183695
082070005695000072073000000820603000340007081007004906700060009001748003060309800,182476395695831472473925168829613754346597281517284936738162549951748623264359817
428000310051000090007001586002140003000003420003052109360009800200806005000034700,428965317651387294937421586792148653516793428843652179365279841274816935189534762
000000000002890054000760918350004000109280430020359060507430009000008540806900003,981543627672891354435762918358614792169287435724359861517436289293178546846925173
030000108600305200009701630000007060002000300006000042401936527020070810567200090,734692158618345279259781634345827961172469385896153742481936527923574816567218493
000910025040830070006070100020083009000050067000040010030007892710508004960320051,873916425145832976296475183621783549489251367357649218534167892712598634968324751
005309008670020103001806040400960001967130000080740030500000309000003650730600400,245319768678524193391876245453962871967138524182745936526487319814293657739651482
800060034052089701000000800280957006600031007090624300000108043000500070100040029,817265934352489761964713852283957416645831297791624385529178643436592178178346529
001070000076340890029100340004090080003000420090234170000709230060403050087000010,431978562576342891829156347214597683753861429698234175145789236962413758387625914
010860409090070800804030205900400607007200508000750920306905780000000052500300090,715862439293574861864139275952483617637291548481756923326915784179648352548327196
308604025070000610000080090400503900605009200700040531010430009042061050003050040,398614725274395618156287493481523976635179284729846531517432869842961357963758142
000000009007620004401005000010580293036710800582400061100230050360008000000004318,623841579857629134491375682714586293936712845582493761148237956369158427275964318
007060590003004800060000214001600400000900062080321900816470020400006709059280000,147862593523194876968735214291657438375948162684321957816479325432516789759283641
000000080450009071180057024700015806500006030064003095340920000000000460805060012,637142589452839671189657324793215846518496237264783195346921758921578463875364912
302590084060400001087210596508630027006000000000020060200000040653000900009062150,312596784965478231487213596598631427726845319134927865271359648653184972849762153
003000000605049100109080020060058307001030896390001000007894500850060200900025004,723516948685249173149783625462958317571432896398671452237894561854167239916325784
720040108006000094300008000090820001000401906154003800007010080500700609031006742,725349168816275394349168275693827451278451936154693827467912583582734619931586742
006000003000750460374000859008000210001000976000600008820460597510008030400900180,156849723982753461374126859648397215231584976795612348823461597519278634467935182
090000462600050390000020008800005934000902700900874605279010500010290070360040000,195783462682451397743629158827165934456932781931874625279318546514296873368547219
000009070000007532780201009537124900800006300604090050060002090320605710100000020,256439178941867532783251469537124986892576341614398257465712893329685714178943625
063850024804039010502004308009000036038000901040000502000400053326010000090080060,963851724874239615512764398759128436238645971641973582187496253326517849495382167
106030407007641080348702006000410809080060010400390000260000971000900608000000045,156839427927641583348752196632417859789265314415398762264583971571924638893176245
130004080008320005000001070324096007000700092060510400501060803942100750080400000,137654289498327165256981374324896517815743692769512438571269843942138756683475921
001020000840000000250864000520096300900002406406100072090007028605000003072018690,761923845843751269259864137527496381918372456436185972194637528685249713372518694
300800005005960000617050080050400172704200800281006300503190620400000001102030000,329841765845967213617352489956483172734219856281576394573194628468725931192638547
087620405490807000025390000800100000714035900003000120000013846000406019000002007,387621495491857632625394781862149573714235968953768124279513846538476219146982357
000900017080000000910050206003009004504076300806035090000741569400000072060592400,645923817382617945917854236173289654594176328826435791238741569459368172761592483
041060875002040301060018000000900517300170286010025040100000004008407009000290030,941362875872549361563718492284936517395174286716825943129683754638457129457291638
721069480085200000634000000040070030503908612000000000490850027050000096800002340,721569483985234761634781259249176538573948612168325974496853127352417896817692345
900504700008201009047938006530100800709002053080006000800025300300410005205003000,923564718658271439147938526532197864769842153481356972814625397376419285295783641
205030016003100740900080050000006005010090230000243090430050100102804503087300004,275439816863125749941687352329716485614598237758243691436952178192874563587361924
003200570087059140059004020040030000070092810300500002060000031031000690004060785,413286579287359146659714328142638957576492813398571462865947231731825694924163785
809327100057041800000098007508060700030059210900482030302005000080030000700000305,869327154257641893413598627528163749634759218971482536342875961185936472796214385
018563740047000006096704500065030100000000000001900253030078095000000010700691802,218563749547219386396784521965832174423157968871946253132478695689325417754691832
015708000000060120600002598309200084001089030002374900700020009024900000006800310,215798643948563127637412598369251784471689235852374961783126459124935876596847312
050300726016000940007080300000074100000000003170008000405210097900847035700960410,854391726316752948297486351532674189648129573179538264465213897921847635783965412
030509014096400200040186300065200700400008500300900000650000002980602070274000806,738529614196437285542186397865213749419768523327945168651874932983652471274391856
053004080760903000090010000540001800907408032080509741400000160805006000071000403,153274689764983215298615374542731896917468532386529741429357168835146927671892453
050002007010009326200470005602093054001650200000000700360000090400035008189006570,958362147714589326236471985672193854841657239593824761365718492427935618189246573
090600008000000712005010900046301500003500107509840306000150070600780001007290630,391672458468935712275418963746321589823569147519847326932156874654783291187294635
098510040004206007567049008050000004070000830103070000480000050901400002725830400,298517346314286597567349218859123674672954831143678925486792153931465782725831469
080009000000048091000601080350417908819000700207805600100080250795130000000900030,581329476672548391934671582356417928819263745247895613163784259795132864428956137
003000008009607142420108709901026403030400000000873000090000000048000097317280050,173942568859637142426158739981526473735491826264873915592764381648315297317289654
710000096000471000020800041030020080247000105090004627072100000003260008060058072,714532896689471253325896741136725984247689135598314627872143569953267418461958372
300061098476200001089050200820910006000523000000086005037049002240600000000170040,352461798476298531189357264825914376764523819913786425637849152241635987598172643
310075004040003509500084060000340100830769245020000930053400702400000000000006403,316975824248613579579284361965342187831769245724851936653498712492137658187526493
547000090860570214000468037094702000605090000702850100006005403001080006000000020,547321698863579214219468537194732865685194372732856149976215483421983756358647921
046079000300056009000102008980005100003980072004701080030600400062503000008407306,846379215321856749579142638987235164613984572254761983735698421462513897198427356
378006004960800007100720608030209800000300742000471003010090006089130400700000009,378916524962845137145723698437259861591368742826471953214597386689132475753684219
900004160036957204084001305000002603003840000007000058400600030058013900090005040,925384167136957284784261395849572613513846729267139458472698531658413972391725846
070290001068000035090000420004000000081030064627914000500429078000800502000057306,473295681268741935195386427354678219981532764627914853536429178719863542842157396
200307090609080024000062001002000913003019645910000208070024030000003400000708062,251347896639581724847962351462875913783219645915436278178624539526193487394758162
000009003140007082906800000369700804510084000004906730000060071600102540700003600,875249163143657982926831457369725814517384296284916735492568371638172549751493628
024703050906000030000000078591200004630000105040075000000362510160907800050018009,824793651976581432315624978591236784637849125248175396489362517162957843753418269
804670000002031064061400000480050006010340050350206408040000080700080001000960745,834675192972831564561429873489157236216348957357296418645712389793584621128963745
000000005704005060056402309009040587000279600017508900001000024530000006400801703,283967415794315268156482379329146587845279631617538942971653824538724196462891753
800002409400610800720080060206738105007000008000926040080067034000803200000205006,861372459435619872729584361246738195397451628518926743982167534654893217173245986
304180790009076002060904085000090800630000001000700200080007549403050607075001008,354182796819576432762934185241695873637248951598713264186327549423859617975461328
006071009509308607000000002245697030000035200638002000102780400003040098000000706,426571389519328647387964512245697831971835264638412975162789453753246198894153726
300000905075069001012300000203600400640900000001002058860040570000706019107008304,386217945475869231912354786253681497648975123791432658869143572534726819127598364
137062000002100000050080300000306009349008006561007803004250008010070005200843090,137962584482135967956784312728316459349528176561497823694251738813679245275843691
000102360100850009300090800074200983090004700236000001005609000423705600009000057,948172365162853479357496812574261983891534726236987541785629134423715698619348257
000600081000520390893010265058200000231069500960007000107985000000100750000400020,572693481416528397893714265758241936231869574964357812127985643649132758385476129
209000000050020010300090208000806107000041680000007304004573860063402070072600401,249168753758324916316795248425836197937241685681957324194573862863412579572689431
010300470380040901490802030730901004900070803000008060804000005103005600500006042,612359478385647921497812536738961254956274813241538769864723195123495687579186342
030000560700068040005000010907000605620705030308206100000654090009021000040087352,432179568791568243865432917917843625624715839358296174283654791579321486146987352
078000900120039800963000240600000009200607004000180607006070010001026703092041008,578264931124539876963718245687453129215697384349182657836975412451826793792341568
096000740005840600000700001200674900900200000003000260308050496700400008614390502,896512743175843629432769851281674935967235184543981267328157496759426318614398572
030900740900007608040031000007095100051000009390000000020803076403060810609710450,536928741912457638748631295267395184851274369394186527125843976473569812689712453
103275804020040500400000003674000009380006420012704380908020015030607000040000000,193275864826349571457168293674832159389516427512794386968423715231657948745981632
200009007700000035000702469801020300924060078030874002598047000000001704000090003,256439187749618235183752469871925346924163578635874912598347621362581794417296853
700004000040096003805102709600000000308200910091470602080000200200080401016029307,739854126142796853865132749624913578378265914591478632987341265253687491416529387
674000039300000040009030160768001400095800300000752000507010094046070810002000607,674128539321569748859437162768391425295846371413752986587613294946275813132984657
018274000060308470070160500620007045047905062000000003100700000006000087002590630,518274396269358471473169528621837945347915862895642713134786259956423187782591634
060003005048060910050020670430002701500347820000190000280000050005230000193080060,762913485348765912951428673436852791519347826827196534284671359675239148193584267
004137608600208090000040007400001000830700010210485000068903001300500070521804000,954137628673258194182649357497361285835792416216485739768923541349516872521874963
680000504030040000072508000000670300063800001000402750020314975040080600509067030,681723594935146827472598163254671389763859241198432756826314975347985612519267438
410000067500607082786000500005024600000000094874003000000000720267800001903712800,412385967539647182786291543395124678621578394874963215158436729267859431943712856
000640320450012007000050000290030006037200090540007002063004579020096410904000060,179648325456312987382759641298431756637285194541967832863124579725896413914573268
081300040090107003760090105009605007000900008600020014908031450400060070070548000,281356749594187623763492185849615237312974568657823914928731456435269871176548392
000801300480070001200400000062140005034702108010053000040319680020000940006204500,659821374483976251271435896962148735534792168817653429745319682128567943396284517
050061040070385109028040000049006070800000960360090584530600407000000000086700053,953261748674385129128947635249856371815473962367192584531628497792534816486719253
470050209905000004208000057003080765000100090000076320500403016309600070001007803,476851239935762184218349657193284765762135498854976321587423916349618572621597843
